entityid;objectid;situation;x_wgs;y_wgs
002ee6e2-4f53-4cab-9a1c-25d3416dce59;859;SQUARE ILE DE FRANCE;2.16210756;48.80303622
00c4a73b-a9cb-44ee-8b04-0b9e183aa682;754;JARDIN BONNE - AVENTURE;2.1535719;48.80764771
00d06c1d-f00d-4a1e-a86d-2a3cd713c787;254;ELEMENTAIRE EDME FREMY;2.13890829;48.7965953
016b1f26-f04e-4ec3-8ba3-82a282dd8400;330;AVENUE DE PARIS;2.142406;48.79911271
018691dd-95d4-4f58-abd2-25930c1bbc04;214;MATERNELLE VAUBAN;2.15235094;48.7998293
018a0cb9-ba1b-454e-81c1-c9c7bd0d807c;54;JARDIN DE L'ECOLE DES POSTES;2.15871421;48.80214278
0190222e-43bd-4460-9595-bfb04e95c608;652;AVENUE VILLENEUVE L'ETANG;2.14323728;48.81470671
0199ce33-71ed-482b-abb8-7c2f78b52913;760;JARDIN BONNE - AVENTURE;2.15373506;48.80735
02083ff5-4551-4467-a57e-c52d9cff2334;298;AVENUE DE PARIS;2.15330407;48.79857155
0238335e-3308-4654-9c7f-5eb19ae6eff4;940;ELEMENTAIRE VAUBAN;2.15229012;48.79921505
024b9708-90e2-49a8-bd0f-d668a7e3dd30;152;MATERNELLE LA FONTAINE;2.12349107;48.79627877
0267d2fd-8bc8-499b-a7b5-979660d149d7;392;AVENUE DE PARIS;2.12872741;48.80233563
02981600-29d4-41ff-b740-34af2461f3c9;390;AVENUE DE PARIS;2.12996834;48.80185775
02b81877-a77a-41ac-9b26-4769f093227a;203;MATERNELLE LES TROIS POMMIERS;2.13592086;48.80312784
02f8c1b6-f0e8-47af-bebf-4b7635561e63;65;JARDIN DES MUSICIENS ITALIENS;2.14596944;48.80148377
03438596-659e-4fc7-aebb-3520d7017aab;596;PARC FORESTIER DE LA PORTE VERTE;2.15126806;48.81587687
03bdc609-a050-4e69-b48c-c9aaa24ca626;867;SQUARE ILE DE FRANCE;2.16121992;48.80289547
03c1e1f2-38c7-480a-b5b4-98e2ba20c3e6;380;AVENUE DE PARIS;2.13875845;48.7996489
03caabc1-7fa9-40ff-a92a-e36489e3615e;886;CRECHE NOTRE DAME;2.13245391;48.81095364
03eb2f35-6cdb-4006-bd30-85d67b8215d7;662;BOULEVARD DE LA REINE;2.12153967;48.80974361
03fa51c1-6e89-4daf-8c8d-34f5891de116;335;AVENUE DE PARIS;2.13803823;48.80042605
0427ab0f-11d7-49b9-9506-ef1d6de90c2e;589;PARC FORESTIER DE LA PORTE VERTE;2.15152571;48.81616509
0476bd5f-1a51-4e0d-917b-9cf1aabaaee3;830;SQUARE BLAISE PASCAL;2.1529369;48.8033951
04f50694-4a18-40e0-8071-c92f1e7df3be;56;JARDIN DE L'ECOLE DES POSTES;2.15877795;48.80206984
050c1bf1-8506-43dd-b971-396bb0f54dfb;960;SQUARE DU STADE DES CHANTIERS BIS;2.14225331;48.79473285
052c5512-c788-41c7-ab77-8f2a64c7f6e5;167;MATERNELLE LES DAUPHINS;2.13209563;48.81333083
05375668-4ef0-4029-ac67-d515b4340808;312;AVENUE DE PARIS;2.14899849;48.79859568
055ff6f9-b3d3-4c41-b0c0-a2b31f689149;645;AVENUE VILLENEUVE L'ETANG;2.14844103;48.8190178
06498c7e-4fed-4f8f-b08b-47d605324090;848;SQUARE HOCHE;2.12799432;48.80583734
07aa9f19-8f9a-4e7c-8761-44d2641d4c62;1038;MATERNELLE LA MARTINIERE;2.11381711;48.78083504
07ca9aaf-fc08-4ff1-9b69-d131c662c373;377;AVENUE DE PARIS;2.14340041;48.79840663
07f7c12c-f4a7-417c-8c0f-97997afc5892;385;AVENUE DE PARIS;2.13451351;48.80064633
08075972-3f55-459c-ad32-e5b38d5ce928;536;BOULEVARD DE LA REINE;2.13576319;48.80866735
083df6ba-ab4f-4f67-b3ca-fc1730b772d7;269;ELEMENTAIRE LES CONDAMINES;2.14620827;48.80191356
08676518-e095-4991-bff2-78e8bcd44fcf;531;BOULEVARD DE LA REINE;2.13936968;48.80838063
0942020f-1c4f-4c91-b8c3-f016df5bfad2;177;ELEMENTAIRE COLONEL DE BANGE;2.13227696;48.81406073
09cb6bcd-2cd7-4e8c-a346-82b63e56a5c0;456;AVENUE DE SAINT - CLOUD;2.13663442;48.80510844
09d6bbb5-f8d2-44be-a661-2a3d8ddeb0e9;781;JARDIN BORGNIS DESBORDES;2.12211708;48.79515013
0a3aef74-044f-4a5e-a974-49e2dce51efe;571;PARC SEMALLE;2.1217851;48.81339369
0a698b2e-07a7-417f-9819-3e6b204fd9f9;102;SQUARE MAIS QUART PORCHEFONTAINE;2.15489956;48.79471115
0a9fb5a7-a7c5-4dbc-b8b5-df9f9535e476;851;SQUARE HOCHE;2.12749468;48.80596821
0aa16ce1-c1b3-4d50-81aa-e47878983385;400;AVENUE DE PARIS;2.15853176;48.79893659
0ab638d9-0988-4897-b18e-18e1e3f29d73;435;AVENUE DE SAINT - CLOUD;2.14007477;48.80581626
0afa6762-f5c8-49ca-a076-5a9950f7e912;729;SQUARE JEAN HOUDON;2.13614857;48.8135581
0b6c674e-1038-4bf8-83d3-b4e052d67cd2;763;JARDIN BONNE - AVENTURE;2.15390395;48.80724731
0b74966f-7ea3-436f-9b24-11151574ea28;1019;MATERNELLE DUNOYER DE SEGONZAC;2.15999316;48.80237793
0baf8dad-e0a7-48fe-b4f9-60f5f61fa0a3;719;PLACE LABOULAYE;2.13835982;48.81900716
0bf51c71-ce79-4438-a51c-0d53b1838bac;421;AVENUE DE SAINT - CLOUD;2.13210219;48.80522972
0bfb92ec-ce02-4bbc-98cc-ca7dac594b73;328;AVENUE DE PARIS;2.14306838;48.79893261
0c299a00-c5aa-45c9-8f69-a9e63d4e02d5;104;CRECHE SAINT - NICOLAS;2.15519885;48.80731127
0c56c7ff-1549-4c13-9b2b-5ac51da47229;585;PARC FORESTIER DE LA PORTE VERTE;2.15128269;48.81611492
0c7bd759-df6b-43e4-8137-a6ed0951a552;992;MULTI ACCUEIL BORGNIS DESBORDES;2.12292754;48.79546405
0c8ddf09-2604-47a4-beb7-e85b68911a55;121;MATERNELLE LES ALIZES 1;2.12107453;48.78405804
0ca3f05a-51a2-47fe-aa89-7920a7349c63;986;CLP LES GRANDS CHENES;2.15221939;48.78855314
0cb7dcde-e5ba-4b2b-8faf-1942c7b2c58e;535;BOULEVARD DE LA REINE;2.13663298;48.8085974
0d36bd80-ee42-4e74-89c6-3e91d04cd5da;565;PARC SEMALLE;2.12181067;48.81355449
0ddcefbf-f646-4884-9c1b-80aaef85be8c;527;BOULEVARD DE LA REINE;2.14244966;48.80813899
0ec4a37b-61a4-463a-84bc-c12820f1e9b4;616;PARC FORESTIER DE PICARDIE;2.15655464;48.81315295
0ec84cec-b5ed-4958-9f35-30148c888771;185;ELEMENTAIRE PERSHING / R. MIQUE;2.14286665;48.8119142
0f0790cd-5079-487f-b3b6-496ac3917949;712;AVENUE DE PERSHING;2.1508266;48.81122671
0f183014-d85e-4ae5-8056-850809f8acb5;81;CRECHE DES GENDARMES;2.13073017;48.80005153
0f27b9a1-4b25-4f5d-b85e-085b6a69f376;163;MATERNELLE LES DAUPHINS;2.13166541;48.81339032
0fb88d17-16eb-4b88-9253-b6161fe7b795;285;ELEMENTAIRE JEAN BATISTE LULLY;2.15244981;48.79938799
0fcdd332-173c-4b15-89b9-844bc63d374e;831;SQUARE BLAISE PASCAL;2.15293736;48.80326856
10754488-1a7b-49d3-bb1b-6e3ec9bf5bf6;606;PARC FORESTIER DE PICARDIE;2.15747049;48.8131722
113c68cd-5bbb-43d4-82b3-22409b3d466c;76;MULTI ACCUEIL DES CHANTIERS;2.1418709;48.79461577
1185f001-4374-4cfb-91e5-f1e674dd2fb0;704;BOULEVARD SAINT ANTOINE;2.12617424;48.81626978
1199a478-1a68-420f-987a-683a19f13c9e;1054;MATERNELLE LES LUTINS;2.13777415;48.79666578
119fe837-c439-4c9c-9529-895aa9a68ebc;231;ELEMENTAIRE MARCEL LAFITAN;2.13095442;48.80861922
11f8887a-afe2-42d5-a2d6-c1f16559e33d;108;CRECHE MULTI ACCUEIL  PETITS BOIS;2.15716807;48.80930709
12100f36-465c-45dd-b10f-b9950d7f7fa5;325;AVENUE DE PARIS;2.14370923;48.79890499
12932c10-f8f3-4afa-9d42-cbdf86133683;132;ELEMENTAIRE CLEMENT ADER;2.11984297;48.7836775
12ab5e4d-6459-4643-ad3a-440d251ae656;474;AVENUE DES ETATS UNIS;2.1428196;48.80664461
12d6b952-d5fd-4754-830b-2821ce2a272f;593;PARC FORESTIER DE LA PORTE VERTE;2.1516576;48.81589637
12d9646f-b68b-4933-bed2-34d7d0574314;566;PARC SEMALLE;2.12165055;48.8135748
130a89ab-7250-4915-abac-75242e75f4e6;935;ELEMENTAIRE VAUBAN;2.15203575;48.79882893
1344e9b3-544b-4d2e-a413-056ff5634fad;923;MATERNELLE RICHARD MIQUE;2.14391059;48.81142433
13ad8582-7eb2-4955-92a3-2c99965eecf2;838;SQUARE BLAISE PASCAL;2.1526115;48.80285487
140861bc-225b-4755-9519-2de969345603;1013;MATERNELLE DUNOYER DE SEGONZAC;2.1604787;48.80242717
148e0760-3360-48f5-badd-6cd1d705be6b;138;ELEMENTAIRE CLEMENT ADER;2.12019522;48.78348288
14a6de15-6b2e-4b57-9f2a-af5d9824f6af;840;SQUARE HOCHE;2.15192203;48.80436083
14c74da6-c518-462a-bd1b-2953cd741d93;453;AVENUE DE SAINT - CLOUD;2.13306035;48.80485154
14d23f57-c411-4ac6-974b-58ce01374f71;885;AVENUE DES ETATS UNIS;2.14721988;48.80885575
14ee95be-21c6-4236-ac8c-3d38d795f70c;957;SQUARE DU STADE DES CHANTIERS BIS;2.14232376;48.79488396
1519c4e0-b325-43b7-92ff-d2c4bdccba22;958;SQUARE DU STADE DES CHANTIERS BIS;2.14221067;48.79473513
151a217f-5efe-461e-909a-279ce9d30cb6;733;SQUARE DU STADE DES CHANTIERS;2.14252057;48.79442954
156eb026-65e3-4f38-9c50-1f367c9085b7;615;PARC FORESTIER DE PICARDIE;2.15640564;48.81323454
158cfb6a-b213-4982-a901-39255a148ecd;559;PARC SEMALLE;2.12220517;48.81317639
15ab2971-62c0-4c4f-8cbf-e271717046b8;882;AVENUE DES ETATS UNIS;2.14551701;48.80822604
15af916c-4a87-40a1-9f53-7eee6a2e1bca;18;SQUARE DES FRANCINES;2.13155402;48.79654082
15ea43de-0b2b-4909-bd25-19432f2d07e5;990;SQUARE VILLENEUVE L'ETANG;2.14113518;48.81359987
15ec050d-5f89-410f-bc80-ca52b9fca4da;265;ELEMENTAIRE VILLAGE DE MONTREUIL;2.14775408;48.8042895
16630572-1bfa-4ce9-abae-33e7f1350a01;823;SQUARE BERTHIER;2.13256739;48.81072865
167d8049-b765-41e5-8b30-d9e5d98dc7f4;576;PARC SEMALLE;2.12148781;48.81342799
16b82e49-d2cb-40e8-ae97-a7739557623f;232;ELEMENTAIRE MARCEL LAFITAN;2.13106676;48.80858313
16d8e327-d5c4-47ac-ac2d-232790ca7a37;1040;MATERNELLE LE PETIT PRINCE;2.12983453;48.80829249
1702983c-37c9-4276-8de9-f7e0b55156cd;632;SQUARE RICHARD MIQUE;2.14493103;48.81225234
181614ec-c914-43fb-a681-0a84bce060ea;96;CRECHE VESLOT;2.15518703;48.79487926
182028f5-637e-4843-bc93-6cac77a4cdff;407;AVENUE DE SAINT - CLOUD;2.1292573;48.80503488
1879a638-5b18-4172-a609-5d4233ef8b9e;625;SQUARE RICHARD MIQUE;2.14558511;48.81220478
1908f88e-68aa-45e7-9eb9-6e4149e8cdca;717;PLACE DE LA LOI;2.12837695;48.81515598
19147d68-b6d3-442d-87cb-14d332ab1b08;374;AVENUE DE PARIS;2.14442651;48.79818205
1948c0c9-0bfa-460c-978d-944a60831ddc;944;MATERNELLE ANTOINE RICHARD BOAVTURE;2.15285066;48.80748573
196699fe-53de-487b-8815-8635bfef3cf4;546;BOULEVARD DE LA REINE;2.12854997;48.80918248
197e3cdc-11f5-4aea-abc0-adb885c582d4;696;RUE DES RESERVOIRS;2.12418737;48.80757066
19ebabf0-9d4e-4093-98d5-e47c8be99f0d;147;MATERNELLE COMTESSE DE SEGUR;2.128153;48.79473707
1a2d70f6-5d35-4984-b393-62ed37eb590b;282;ELEMENTAIRE JEAN BATISTE LULLY;2.15208034;48.79929562
1ae029ef-b2a2-4b05-863b-55210e1d26e7;159;ELEMENTAIRE LA MARTINIERE;2.11309535;48.78073673
1ae4a8ef-7f11-4545-bc31-bc4db91ce66a;357;AVENUE DE PARIS;2.15262627;48.79819028
1b0f5ade-c060-4a6b-ba71-25b0db13c9be;447;AVENUE DE SAINT - CLOUD;2.1346956;48.80508485
1b78eb1b-8f1a-41f7-8895-e5e1ba1c7acb;826;SQUARE BLAISE PASCAL;2.15254053;48.80438295
1c38ff95-bf07-49aa-9158-babe33159b13;187;ELEMENTAIRE PERSHING / R. MIQUE;2.14301365;48.81191848
1c4d8992-0aa2-4213-8cd3-c973b28068ac;446;AVENUE DE SAINT - CLOUD;2.13421189;48.8050499
1c5b1f57-7b4b-4244-8117-72316313ebf6;479;AVENUE DES ETATS UNIS;2.14385776;48.80721952
1c6acc69-6ae5-4a41-8bed-8fd613fc89f8;908;MATERNELLE RICHARD MIQUE;2.14334538;48.81164552
1cfc39de-27e1-4e57-98af-229ba826b673;300;AVENUE DE PARIS;2.15270674;48.79852598
1d06a171-2f6d-490a-9164-e8a226f3802b;513;BOULEVARD DE LA REINE;2.13531686;48.8088939
1d9f04c9-3df6-4537-a8c0-a8747dcd58a4;195;MATERNELLE LES MARMOUSETS;2.12595999;48.80730801
1db391de-29b0-497e-8c7a-899783ac293e;642;MATERNELLE YVES LE COZ;2.14903095;48.79053153
1e0460a1-ff09-4d31-957b-ac71253a4575;97;CRECHE VESLOT;2.15533463;48.794982
1e097c07-b9d6-4c15-9f85-c88c8bc1d167;874;SQUARE ILE DE FRANCE;2.16164892;48.8028699
1e77aa98-501f-4739-904a-8d848acd920b;938;ELEMENTAIRE VAUBAN;2.1519379;48.79919817
1f94c900-0e2d-41be-8686-6017339660e4;971;SQUARE DE L'ETANG DU DESERT;2.11273961;48.78123907
1f9792c8-1a2c-41fe-9062-626c3d9dcaed;621;SQUARE RICHARD MIQUE;2.14542131;48.81203429
1fca998f-6d96-40e0-a302-7d30ea7c9c21;801;JARDIN DES RECOLLETS;2.12294205;48.80199188
1ff8cd92-4228-40a0-aef7-f89b88705df7;978;SQUARE DE L'ETANG DE LA MARTINIERE;2.11333566;48.78197715
202a6a64-cea2-4a1f-b6c6-282c4f27b873;173;ELEMENTAIRE COLONEL DE BANGE;2.13252212;48.81411159
205c8c75-45a4-44f2-b238-8016ee235f38;52;JARDIN DE L'ECOLE DES POSTES;2.15817091;48.80180301
20794322-9bd1-43f3-8cbb-6077cb5978d7;545;BOULEVARD DE LA REINE;2.12904788;48.80919678
2081e420-f9e9-4df5-8360-9c2f1b466318;267;ELEMENTAIRE LES CONDAMINES;2.14622613;48.80188533
20b7ab46-a006-4b9e-9968-fec81067e9b9;732;SQUARE DU STADE DES CHANTIERS;2.14248753;48.79444846
20c98e48-addf-4c9f-932f-eb26c607af60;1005;MATERNELLE HONORE DE BALZAC;2.14436873;48.80548279
20e83e4b-7db6-4a7b-9ba9-24ddd39f9263;67;JARDIN DES MUSICIENS ITALIENS;2.14622241;48.80153241
2138a4f1-22fc-472b-aa2e-eb93a4c69df6;869;SQUARE ILE DE FRANCE;2.16153954;48.80284072
218715fb-116f-480b-bf09-1df2574cce4e;675;BOULEVARD DU ROI;2.12589131;48.81054405
21d428c6-58a0-44eb-9675-b5257af10e98;215;MATERNELLE VAUBAN;2.15235684;48.79980875
21f3ba5d-573f-4764-a332-f00c507abf39;969;SQUARE DE L'ETANG DU DESERT;2.11289881;48.78128223
220b196e-886c-469e-9e15-cb82f7e87fa0;514;BOULEVARD DE LA REINE;2.1349922;48.80886998
223078b9-2565-4bae-b55f-abf4bf6812ab;64;JARDIN DES MUSICIENS ITALIENS;2.14591434;48.80165841
224660df-a9a3-407f-8e80-a3cf2f40e9d2;724;SQUARE JEAN HOUDON;2.13616915;48.81335256
225a9fe2-e924-4045-9146-2e21522ab3e3;569;PARC SEMALLE;2.12171581;48.81347816
2281d27c-5082-4844-b486-d6ba790a4dda;139;ELEMENTAIRE CLEMENT ADER;2.12009713;48.78380482
22cb51ee-f88f-494c-99bf-15655ceef73a;705;BOULEVARD SAINT ANTOINE;2.12527282;48.81660215
22cbd53b-c721-4905-87d6-029df5407968;980;SQUARE MAIS QUART PORCHEFONTAINE;2.15484263;48.79490182
22d6f89d-cb6a-4e80-81dc-5aec3b18ca30;351;AVENUE DE PARIS;2.15618659;48.79810696
234689bf-88fa-44fe-b8c3-11acb869d825;633;AVENUE DE SAINT - CLOUD;2.13494132;48.804989
2370ee91-72ec-47b0-8c5a-5345b281f4e1;577;PARC SEMALLE;2.12136493;48.81333331
23c2b80a-437f-44ea-9e5a-50af0bb01f0e;573;PARC SEMALLE;2.12185012;48.81335308
23ebbbbd-0751-4991-8070-12c4c7cd1edf;549;BOULEVARD DE LA REINE;2.12707948;48.80935286
23f887ca-acc1-44a3-a53b-397e13d95566;457;AVENUE DE SAINT - CLOUD;2.13826377;48.80532389
241d1f95-57fb-4bb2-a121-800b84560540;707;BOULEVARD SAINT ANTOINE;2.12165725;48.81776946
24751c00-f308-4fc8-8fba-f124ff456641;209;MATERNELLE LES TROIS POMMIERS;2.13564021;48.80297312
24d6175b-d4f4-474e-958f-52181300a155;889;CRECHE MULTI ACCUEIL VAUBAN ANNEXE;2.15228942;48.80264565
24f7aad7-2e52-4fcd-98b6-031e1cd2acf7;434;AVENUE DE SAINT - CLOUD;2.14030817;48.80571479
252d8047-f1af-42dd-a303-d5adfa0deed4;864;SQUARE ILE DE FRANCE;2.16118113;48.80331584
2663c33e-054f-4895-a8c9-7e5b57648abb;73;CRECHE BORGNIS DESBORDES;2.12279135;48.7953464
27176976-fb16-400c-a0c3-d94625aed1f4;562;PARC SEMALLE;2.12194414;48.81352139
27586325-522b-4e86-8ec0-cf84c165c633;679;BOULEVARD DU ROI;2.12623615;48.81044858
27808bba-fd29-431e-b64f-c0ae2162d4c0;184;ELEMENTAIRE PERSHING / R. MIQUE;2.14277814;48.81191864
2791e12e-b108-4469-9f2a-388540c1b35a;563;PARC SEMALLE;2.12191711;48.81357348
27cb698c-3498-44e9-873d-1ef270699355;308;AVENUE DE PARIS;2.15042495;48.7986344
290aa510-6982-42c1-be7f-5595e9b62438;368;AVENUE DE PARIS;2.14761141;48.79801899
294630fa-8b1c-4f8d-9938-6453d7c192cb;1066;MATERNELLE DUNOYER DE SEGONZAC;2.16039368;48.80223405
2967d039-7b60-4403-aab5-904d260718b2;243;MATERNELLE DES PETITS BOIS;2.15685339;48.8060141
2a6bca53-1609-4562-90e4-0d20705f5f35;665;BOULEVARD DU ROI;2.1279023;48.81389227
2a87ad70-957c-4666-8120-3879603e1099;1026;CRECHE NOTRE DAME;2.13252656;48.81091157
2ae07def-70c4-4ded-9174-82f82bfe1aa9;564;PARC SEMALLE;2.12192422;48.81361276
2af92e81-e37d-400c-8e36-ed04a7cc8e5b;708;BOULEVARD SAINT ANTOINE;2.1204333;48.81821979
2afffb47-4825-4f1e-acca-686c60d2cda4;623;SQUARE RICHARD MIQUE;2.14550821;48.81204041
2b096d5f-3580-4be1-924b-1a4978d6cc92;582;PARC FORESTIER DE LA PORTE VERTE;2.15214266;48.81610698
2bd5c5b9-fdf1-40c6-bc37-8e64dedbaae9;764;JARDIN BONNE - AVENTURE;2.15380646;48.80715627
2c0ce57e-b3ed-435c-ab5b-95b841456768;480;AVENUE DES ETATS UNIS;2.14397457;48.80737493
2c979911-f066-4689-a004-3741788e6083;227;ELEMENTAIRE MARCEL LAFITAN;2.13098441;48.80881027
2c990b9c-0b3f-4f78-b890-bd8e7f5fbf43;196;MATERNELLE LES MARMOUSETS;2.12595418;48.8072919
2c9ae31b-452e-4277-84b2-0ca711e9bc9d;263;ELEMENTAIRE VILLAGE DE MONTREUIL;2.14781727;48.80437846
2cb199c5-83ec-41d1-89b1-a73a34cddab4;639;MATERNELLE YVES LE COZ;2.14882386;48.7904104
2cc0662f-c9de-451e-8e5d-08caf2e1cefb;33;SQUARE SAINT - LOUIS;2.1254518;48.79662019
2d0b98cd-9666-45f0-9bef-4a2b51708337;164;MATERNELLE LES DAUPHINS;2.13185082;48.81341282
2d265c0b-3ab4-432e-83e7-d46b39d84750;117;MATERNELLE LES ALIZES 1;2.1211829;48.78397554
2d308f7a-22a2-44dc-8b94-ac9dbe7d4f02;555;SQUARE SAINT - MICHEL;2.15399163;48.79402641
2d5b78e9-07ac-44a8-a9a0-7b71c6d9ef53;148;MATERNELLE COMTESSE DE SEGUR;2.12817324;48.79473167
2d886ba5-ab8f-4e87-9ea4-924f5c7c4397;499;AVENUE DES ETATS UNIS;2.14475509;48.80749008
2dbb3fa5-a274-495c-a13b-91ec0246b910;240;MATERNELLE DES PETITS BOIS;2.15693916;48.80628706
2e4ea4d8-abee-4aeb-8110-18f72d63bba7;677;BOULEVARD DU ROI;2.12549844;48.80988578
2e4f0c87-0f53-4457-8442-86517d383dca;556;SQUARE SAINT - MICHEL;2.15383788;48.79390898
2e7d3fa1-36ba-43f0-ae06-1f761bf8e194;354;AVENUE DE PARIS;2.15475301;48.79820398
2ec9ada5-2adf-413a-bb7c-b77ec83cfe95;134;ELEMENTAIRE CLEMENT ADER;2.1198971;48.78365181
2f01f2aa-d8f7-4a2d-ab65-067442361692;35;SQUARE SAINT - LOUIS;2.12525287;48.79677675
2fb9eb23-420a-4f15-9a89-7ecda11ee910;768;JARDIN BONNE - AVENTURE;2.15258133;48.80717536
303975de-a400-406b-a679-8a12e5217cce;814;JARDIN DU MUSEE LAMBINET;2.130533;48.80890522
304679e3-dadd-4f1a-a562-bca1337dc494;972;SQUARE DE L'ETANG DE LA MARTINIERE;2.11268171;48.78191928
309bd369-5dae-428f-a141-450293fd5de7;130;ELEMENTAIRE CLEMENT ADER;2.12003496;48.78381039
30e065bf-d3d9-412f-8b5f-71171e6235e5;646;AVENUE VILLENEUVE L'ETANG;2.14718384;48.81836525
3101469c-20c4-4b7c-aea2-a184873f5dfe;1035;MATERNELLE LA FARANDOLE;2.1442068;48.81395121
310b4789-301f-426d-95d5-dfc4f7ab7a5d;578;PARC SEMALLE;2.12130246;48.81313173
3118935a-d394-4ee4-91ee-3bb20e35fefe;256;ELEMENTAIRE EDME FREMY;2.13904044;48.79668647
311e06f5-fdd3-49f8-bdcb-4ee2b8baf65f;26;SQUARE SAINT - LOUIS;2.12552599;48.79686411
312ace01-4391-44d7-a912-ce6083b612b4;920;MATERNELLE RICHARD MIQUE;2.14368108;48.81146759
31b7e05e-3bb0-4e32-af65-edfe3f64f5a2;505;BOULEVARD DE LA REINE;2.14049216;48.80843287
322b5e9c-9e27-4a9b-af41-f1480ebbcaed;349;AVENUE DE PARIS;2.15710493;48.79813107
329936e7-ee97-4f0a-ac6f-65b7adc232b8;342;AVENUE DE PARIS;2.12895433;48.80271234
32d27e8e-24e3-4702-a565-f3aa71660ed1;1015;MATERNELLE DUNOYER DE SEGONZAC;2.16049245;48.80217532
330472e2-474f-4f02-8c37-ee618de727d0;523;BOULEVARD DE LA REINE;2.12806547;48.80941343
332f9689-461c-4c56-b912-cfeb0987cd30;17;SQUARE DES FRANCINES;2.13145617;48.79656251
3359346d-1993-4b5e-8d99-e831734d4a76;310;AVENUE DE PARIS;2.14900528;48.798462
335bb985-5f62-4742-a2f2-88a1a2f09efd;417;AVENUE DE SAINT - CLOUD;2.13440452;48.80540498
341a81dd-691c-4d53-af79-ba41fbd8ce10;344;AVENUE DE PARIS;2.12847192;48.80298678
341b49cc-2ac5-4477-a3bd-921a49f5d200;762;JARDIN BONNE - AVENTURE;2.15378875;48.807338
34866de3-1ced-48ad-83fd-e02ce9e163e6;370;AVENUE DE PARIS;2.14689626;48.79799829
34922fc0-0534-4748-8b64-0106d0a73704;877;MATERNELLE LA MARTINIERE;2.11380917;48.78083827
34beee59-6b5a-461a-9975-b5188149b287;748;JARDIN BONNE - AVENTURE;2.15308244;48.80764823
34ec5237-5d6d-4eb0-9a6c-dc24bea1cb6e;636;AVENUE DE SAINT - CLOUD;2.13630366;48.80554695
34f99bd4-e43d-4104-b49c-7c32b7ab2bad;443;AVENUE DE SAINT - CLOUD;2.12987356;48.80462013
35040206-b9f6-44a5-9c95-6da53bfecdb9;314;AVENUE DE PARIS;2.14737243;48.7985537
351abc8e-16d5-4a42-893e-2a90120b1e27;964;SQUARE DE L'ETANG DE LA MARTINIERE;2.1136457;48.78100339
351cd062-712e-4140-870a-7b048f3b0245;1064;MATERNELLE LES LUTINS;2.1381909;48.79640847
35a41bc7-26d5-4ea1-ba49-a711dfb9aa0e;836;SQUARE BLAISE PASCAL;2.15272309;48.80289758
35aa653d-a881-4c1f-a371-e2b5a4e26391;753;JARDIN BONNE - AVENTURE;2.15349153;48.80764889
3636b03a-0b11-43b4-ace9-2cc89201cec5;1052;MATERNELLE LES LUTINS;2.1376588;48.79664953
365ff759-f608-4bd0-b2a1-6b9a2f5be616;8;SQUARE DES FRANCINES;2.13173068;48.79663012
3699f138-51ea-4e1f-83fd-89111bb15df7;529;BOULEVARD DE LA REINE;2.14093544;48.80820435
36b5e78b-016b-4a11-9f6a-87614e525569;119;MATERNELLE LES ALIZES 1;2.12129392;48.78406383
36cbe9c8-06e7-473d-bb4a-36d86dacdfd2;503;BOULEVARD DE LA REINE;2.14295587;48.80829044
370f12f6-db0b-47cb-8d79-f093a1825706;101;SQUARE MAIS QUART PORCHEFONTAINE;2.15494678;48.79472795
3717bc29-90e0-4be6-af9e-f1cc66845251;1039;MATERNELLE LE PETIT PRINCE;2.12981566;48.80828328
375576c7-72bc-4b39-9713-a56812ef254f;631;SQUARE RICHARD MIQUE;2.14662205;48.81189755
3760b8b5-c39b-428f-861b-70ff27bce2d6;767;JARDIN BONNE - AVENTURE;2.15360423;48.80723015
378791a6-a703-47f6-813c-a931d102b574;278;ELEMENTAIRE JEAN BATISTE LULLY;2.15185083;48.79950144
383d6b2f-b4cb-45ae-ad57-8660d69341a6;834;SQUARE BLAISE PASCAL;2.15267431;48.80299171
38e62d07-c3ae-4990-befc-6fb51909f991;647;AVENUE VILLENEUVE L'ETANG;2.14749189;48.81768441
396200b4-4b84-48f5-ac35-d16772b12115;287;AVENUE DE PARIS;2.15826366;48.79890025
3994ec9a-c34e-4d32-a823-3d6fb003b4a4;202;ELEMENTAIRE PIERRE CORNEILLE;2.15185997;48.79439771
39a703a2-6405-4622-8c96-a9f891df816f;993;MATERNELLE HONORE DE BALZAC;2.14378682;48.80586945
39fa1706-7643-4804-a6af-50d4b127afee;812;JARDIN DU MUSEE LAMBINET;2.13051443;48.80895524
3a10fb95-6fa1-453b-bae7-6960677ddd70;902;JARDIN BONNE - AVENTURE;2.15393635;48.80703517
3a7015d0-2178-4cd6-9926-95963224d68c;899;JARDIN BONNE - AVENTURE;2.15376856;48.8069771
3a993464-d132-4740-bd7f-c8cea73e8f07;191;ELEMENTAIRE CARNOT;2.1257245;48.80701274
3aa13c10-6552-4f1f-9308-7a1157fee495;9;SQUARE DES FRANCINES;2.13151729;48.79664171
3b39e398-8d3d-47da-a9b7-5a2e19de9575;906;JARDIN BONNE - AVENTURE;2.1538072;48.80689193
3b52d75f-40ad-48dd-bc14-29ac8ae9ae29;853;SQUARE ILE DE FRANCE;2.16239581;48.80291421
3b75ebc1-2d27-4cb9-8312-b81bc00b8136;926;CRECHE MULTI ACCUEIL PRES AUX BOIS;2.16017029;48.8018669
3bec81e2-3dc1-443f-ad9f-eebb441a2213;95;CRECHE VESLOT;2.15517663;48.79500307
3bfab524-e91e-4711-93e5-6c469dc75324;316;AVENUE DE PARIS;2.14695948;48.79854285
3c2636ec-e71f-4e19-84ef-c8ed826dee10;431;AVENUE DE SAINT - CLOUD;2.13749724;48.80562977
3c42272b-4989-492f-bad9-4501b8777200;327;AVENUE DE PARIS;2.14369745;48.79872559
3c571ebd-8b44-4863-be5a-86adf01aed73;638;MATERNELLE YVES LE COZ;2.14879542;48.79039366
3c780069-d458-4472-aace-4eb0d8145f1b;360;AVENUE DE PARIS;2.15230168;48.79813983
3cb3c256-9778-4b62-9c52-48733b5ad1e9;341;AVENUE DE PARIS;2.13045577;48.80245608
3ce558b9-46c5-414b-be01-7367225b4750;560;PARC SEMALLE;2.12202921;48.81346552
3d223942-ae5c-4a9b-abd7-7b2aa8cb176d;528;BOULEVARD DE LA REINE;2.14188955;48.8081294
3d3e9b9b-d2b4-4215-a0d7-ca5963a6a0f1;208;MATERNELLE LES TROIS POMMIERS;2.13566943;48.80301919
3d4d7691-36e8-4da1-9afe-f34c1c960932;997;MATERNELLE HONORE DE BALZAC;2.14408732;48.8057588
3d872dc5-bb62-46cb-ba68-55f04eef3712;985;CLP LES GRANDS CHENES;2.15255092;48.78812488
3dcbfca9-9efc-4db3-b5e8-bf09c70f206d;142;ELEMENTAIRE CLEMENT ADER;2.12010541;48.78331312
3deba65d-9a93-43e8-bffa-a5faccd5a8fc;423;AVENUE DE SAINT - CLOUD;2.13727797;48.80549663
3e0466e5-fccb-4634-ad88-b851c99676a4;281;ELEMENTAIRE JEAN BATISTE LULLY;2.15186901;48.79933389
3e26e7b4-6554-4849-9aa5-9638b64c565d;650;AVENUE VILLENEUVE L'ETANG;2.14589864;48.81565409
3e28324a-4434-4552-b6ef-58ea352bfdad;811;JARDIN J.A LE ROI;2.1218387;48.80191461
3e7e914f-79f0-42d1-b487-6e41fafd6205;175;ELEMENTAIRE COLONEL DE BANGE;2.13234019;48.81403411
3e879e06-075e-4552-a508-690325b8f3d4;810;JARDIN J.A LE ROI;2.12189143;48.80189992
3e93257e-8c7d-42ba-a67f-3d70a4c18814;930;SQUARE DU STADE DE PORCHEFONTAINE;2.1575546;48.79328476
3ebfa959-4cd2-4be7-be5a-e52b6a9ec3a6;350;AVENUE DE PARIS;2.15690067;48.79825713
3ed1401a-fcf4-4a28-a0cb-0e6b555d19b8;485;AVENUE DES ETATS UNIS;2.14182654;48.80586654
3f2f7747-a252-44f4-9873-6b2c98122c27;34;SQUARE SAINT - LOUIS;2.12530194;48.79666588
3f779b12-830f-4adc-a43e-ea38bc7eb6e7;967;SQUARE DE L'ETANG DE LA MARTINIERE;2.11277826;48.78105704
3f84d98a-da8b-4ffe-b2e4-33a3314075f1;710;BOULEVARD SAINT ANTOINE;2.1185185;48.81892231
3fe33e89-f5a1-4285-b03d-68c8e9391587;326;AVENUE DE PARIS;2.14372795;48.7987179
4088086d-5263-4597-9ba7-5f082f55e375;981;SQUARE MAIS QUART PORCHEFONTAINE;2.15480313;48.79487841
40922aea-f365-40bf-9fb3-31556e74c222;509;BOULEVARD DE LA REINE;2.1381228;48.80867267
40b6d529-16fe-4c57-8311-f7f0f569c742;901;JARDIN BONNE - AVENTURE;2.15387953;48.80702538
40be4b67-d2f1-4753-927f-a995221676ca;857;SQUARE ILE DE FRANCE;2.16222114;48.80292058
40c32c7b-6a9a-495d-b46d-d56ebe99baa1;784;JARDIN BORGNIS DESBORDES;2.12231707;48.79492606
40d7a03d-cafa-418e-87df-8914fbbb250e;297;AVENUE DE PARIS;2.15350914;48.79857848
40e1b9bd-bf08-41b9-b222-46779e400e34;244;MATERNELLE DES PETITS BOIS;2.1568717;48.80594602
41713947-7e7a-401c-beb7-70c45c886686;924;MATERNELLE RICHARD MIQUE;2.14412861;48.81140866
420cfd27-b1b1-41b5-89bb-4025ccb236e5;476;AVENUE DES ETATS UNIS;2.14323679;48.80696712
4243590b-bbef-4c3d-b3ec-5206c33e361e;274;ELEMENTAIRE JEROME ET JEAN THARAUD;2.1283153;48.79443979
426694aa-8b75-4ff5-ab7f-6860cdcd49dd;30;SQUARE SAINT - LOUIS;2.1255005;48.79668006
428406c9-4497-45fb-9189-7256f00cdc8a;788;JARDIN DU CONSERVATOIRE DE MUSIQUE;2.12508886;48.8013862
432b178c-0acd-457f-adc7-e2085f8174e9;1051;MATERNELLE LES LUTINS;2.1376391;48.79666466
43875eb5-dd91-49be-92e3-8a1040f890ab;597;PARC FORESTIER DE LA PORTE VERTE;2.15093252;48.8153632
444fc592-4beb-4a3a-9ae3-6f4b73740564;975;SQUARE DE L'ETANG DE LA MARTINIERE;2.11324307;48.78203886
44d1409f-2077-4329-8699-c16f0f346d1c;283;ELEMENTAIRE JEAN BATISTE LULLY;2.15203767;48.79956833
4508b962-b902-4bd9-b388-1d68241b65d8;491;AVENUE DES ETATS UNIS;2.14298697;48.80651151
45117810-358e-4824-ba80-bdb5cf0c0522;358;AVENUE DE PARIS;2.15314109;48.79803117
4538251d-4cf0-4aa3-b942-4e552589d952;659;BOULEVARD DE LA REINE;2.12038642;48.810024
455153df-7c19-4ab5-8fc4-2dfcc0325c52;883;AVENUE DES ETATS UNIS;2.14618249;48.80819532
45595c32-a3ee-4a6a-8699-b618d2790dc9;713;PLACE DE LA LOI;2.15096215;48.81166698
456b12cb-54a5-40f3-b514-a6a7eb6dc3b0;817;JARDIN DU MUSEE LAMBINET;2.13065941;48.80894389
456e960b-683b-47d9-b13d-f52be48d3dee;655;AVENUE VILLENEUVE L'ETANG;2.14045824;48.81371988
4592fdac-733f-48e9-b489-1ae9c46e5b8d;72;JARDIN DES MUSICIENS ITALIENS;2.14670556;48.80131275
46516233-dfd3-4a8e-9d2b-ad324d12ce1d;160;MATERNELLE LE PETIT PRINCE;2.12971806;48.80833424
466b6117-8870-4e74-9be0-c803faa09afe;962;SQUARE DU STADE DES CHANTIERS BIS;2.14192159;48.79478001
4721319a-d99e-41ee-bbd4-bad4248cf341;1067;MATERNELLE DUNOYER DE SEGONZAC;2.16025552;48.8021624
47252cdc-7716-4090-b6d8-89d197f01ed2;641;MATERNELLE YVES LE COZ;2.14900254;48.79051333
4773e346-146d-47e8-b704-e8742711bf37;755;JARDIN BONNE - AVENTURE;2.15374734;48.80759187
477ac71d-95d1-44d7-af92-be427eacb575;872;SQUARE ILE DE FRANCE;2.16176139;48.80304651
478c6a68-3f37-4038-b89a-cfedbbc52c41;816;JARDIN DU MUSEE LAMBINET;2.13065217;48.80889976
47915b98-6e67-48fd-9b54-d02619fbe728;393;AVENUE DE PARIS;2.12816125;48.80248816
479aeaed-5f0f-4d7b-8e53-7c9d77ce759c;47;JARDIN DE L'ECOLE DES POSTES;2.15790422;48.80155163
47d17242-7321-430a-ba77-235dedb536f0;516;BOULEVARD DE LA REINE;2.13300428;48.80907845
47d97305-7df8-4410-b5b2-0568b401739b;391;AVENUE DE PARIS;2.12997005;48.80200153
4814658f-356e-46d3-a1cc-1c3145f87ae6;301;AVENUE DE PARIS;2.15266074;48.79852566
48a990b3-6fe9-4883-be63-8a81b6fa0917;146;ELEMENTAIRE CLEMENT ADER;2.12020819;48.78321112
48cc6483-2254-4222-b9d3-3a3c780f6eec;1057;MATERNELLE LES LUTINS;2.13797818;48.79656472
48f086b9-0b84-4329-81c1-911b81a39a17;970;SQUARE DE L'ETANG DU DESERT;2.11296642;48.7812663
4911cb38-e1e8-4884-83e1-4d4bbad03b4e;522;BOULEVARD DE LA REINE;2.12858524;48.80942669
49ac3e49-6757-486f-a3db-52d842b28aa7;1056;MATERNELLE LES LUTINS;2.1377998;48.79669652
4a2cf8ea-00b6-48d1-b2e8-7cf189e94362;57;JARDIN DE L'ECOLE DES POSTES;2.15874613;48.80204914
4a2d0ba1-6689-44c3-9edf-0c872ec76fab;1030;MATERNELLE HONORE DE BALZAC;2.14396601;48.80552779
4aa65529-dc0d-4e86-a2bd-1522cf7a5147;1059;MATERNELLE LES LUTINS;2.13801743;48.79651306
4aca7f1e-1e3b-4150-b753-83ed8f151222;120;MATERNELLE LES ALIZES 1;2.12135363;48.78409502
4b31e34d-17b3-4824-98d3-c4151c9cb59e;626;SQUARE RICHARD MIQUE;2.14576492;48.81218895
4b433ef2-47db-465c-b2d3-bc2b6f4eae41;464;PLACE ALEXANDRE 1ER;2.14083808;48.80586305
4b8620f7-064a-4673-8b09-d0e4f6758cd6;311;AVENUE DE PARIS;2.14950986;48.79860905
4ba9b5a9-57e6-46bb-a9b0-388464cd31da;322;AVENUE DE PARIS;2.14456503;48.79867527
4c024e2d-3e73-496c-b281-3e3c8a12eb43;86;CRECHE DU CHAT BOTTE;2.13651855;48.8090661
4c21ce9c-f421-4b59-8b88-e9c2b3d04181;750;JARDIN BONNE - AVENTURE;2.15321683;48.80764845
4c29908a-3312-4dc2-9a22-ca038aab68b1;68;JARDIN DES MUSICIENS ITALIENS;2.14629441;48.80157977
4c42f3ee-d7b1-4b2e-9f5c-2185b85a0d88;388;AVENUE DE PARIS;2.13090536;48.80175064
4ca74a0f-7bea-4f7f-8462-c0472aa7370f;242;MATERNELLE DES PETITS BOIS;2.15695886;48.80621763
4d1b3f7f-7508-41c7-be4e-41b06a9a6a44;599;PARC FORESTIER DE PICARDIE;2.15731302;48.81382694
4d25b53e-4cb9-4639-a90f-cf3a951dfa64;294;AVENUE DE PARIS;2.15471191;48.79873713
4d59ce3a-30f5-440e-a9b1-31b2af5442a7;420;AVENUE DE SAINT - CLOUD;2.13299016;48.8052885
4d6921aa-5d31-4a9c-9442-93b7ae2f5628;22;JARDIN DE L' HOTEL DE VILLE HORLOGE;2.12988484;48.80075271
4d76ece9-62df-4664-973b-1b9f64406314;778;JARDIN BORGNIS DESBORDES;2.12231967;48.7951817
4de78daf-6608-4a52-8635-beeedb4e4b44;371;AVENUE DE PARIS;2.14566185;48.79796777
4e46ab6d-5dd8-45f6-ab3a-242b49a221e2;405;AVENUE DE SAINT - CLOUD;2.12950202;48.80493785
4e6006a0-75a0-4e62-9d14-f28eace2098a;519;BOULEVARD DE LA REINE;2.13025572;48.80929736
4ea2a71b-f58d-406b-84b7-c799c33b960a;740;SQUARE DU STADE DES CHANTIERS;2.14253543;48.79426971
4eb57d14-46a9-4b93-9ce5-0e4d288b481d;55;JARDIN DE L'ECOLE DES POSTES;2.15875535;48.80212994
4ec8741e-edc4-4890-9845-c4777a7a3a87;604;PARC FORESTIER DE PICARDIE;2.15732144;48.81296202
4ecc092f-ef03-493b-b4f7-6b52f669f577;416;AVENUE DE SAINT - CLOUD;2.13487906;48.80544131
4ef41cff-a9c2-41c4-8be5-c16f25fc0566;372;AVENUE DE PARIS;2.14526785;48.79795681
4f1b8274-d92f-401e-9229-9d0f333e3313;295;AVENUE DE PARIS;2.1547222599999998;48.79860955
4f9a5095-2d13-4e28-99d2-939ebf39adc9;544;BOULEVARD DE LA REINE;2.13102046;48.80903839
4fc6db52-3666-48d4-a5b7-8566f8d952ef;317;AVENUE DE PARIS;2.14675831;48.79840527
506e1d17-9aaf-4182-936e-01a37d1c469b;691;BOULEVARD DU ROI;2.12843651;48.81426398
50ea5e63-0071-4ee5-8d32-17a3f5a21b3f;273;ELEMENTAIRE LA SOURCE;2.15508121;48.80833453
510d7d69-3755-46c8-a604-56977aee08d1;798;JARDIN DES RECOLLETS;2.12319079;48.80200969
514eced9-21d6-4b78-b473-5ff47e1a129c;942;MATERNELLE ANTOINE RICHARD BOAVTURE;2.15275284;48.80743512
515231db-76f0-478f-a906-60b22e37a999;83;CRECHE DE LA GOUTTE DE LAIT;2.135369;48.80700905
51874b35-c599-4a62-a895-604a86f99460;165;MATERNELLE LES DAUPHINS;2.13188879;48.81336402
519e322f-fd3d-48b7-a3ce-0dd42c5c798f;122;MATERNELLE LES ALIZES 1;2.12103254;48.78402017
51a4409e-c37c-4ff4-9d00-6c4225a98807;78;MULTI ACCUEIL DES CHANTIERS;2.14215968;48.79465527
51e880e9-4ed2-417a-b53e-b28d8947f92c;507;BOULEVARD DE LA REINE;2.13908041;48.80859624
522ea35d-f104-4f7c-9644-0d9548632d7f;359;AVENUE DE PARIS;2.15283428;48.79802425
524c782d-34fb-4aef-b755-88bcb526ad88;687;BOULEVARD DU ROI;2.12775257;48.81297989
529d83ce-b81c-4d77-91d2-514d7930b76f;965;SQUARE DE L'ETANG DE LA MARTINIERE;2.11316749;48.78101138
52b7cbd8-1bb0-46d2-9909-ab71aafeaf1a;66;JARDIN DES MUSICIENS ITALIENS;2.14606616;48.80150295
52c52a8f-8b8f-4212-8923-2cf6d12af58c;403;AVENUE DE SAINT - CLOUD;2.12858307;48.80487434
52fac86a-8d78-4525-ae63-93c4caa197ec;186;ELEMENTAIRE PERSHING / R. MIQUE;2.14299909;48.81185408
5311e799-a94f-4b42-b4c1-e4c9f47b89b6;88;CRECHE  CLAGNY GLATIGNY;2.1407954;48.81176114
5339bcf5-2fad-466d-a525-55763a343537;170;ELEMENTAIRE COLONEL DE BANGE;2.13235372;48.81437608
53aa6b50-c112-4567-a3f2-f8fa321418e1;653;AVENUE VILLENEUVE L'ETANG;2.14243732;48.81432282
53d59af6-be56-477f-86dc-3b208378d50a;895;ECOLE ELEMENTAIRE CHARLES PERRAULT;2.15608309;48.80464722
54115562-079e-4faa-82f0-7c0f5ae0bee8;171;ELEMENTAIRE COLONEL DE BANGE;2.13255807;48.81433864
543aa2b9-beba-42b1-831c-0c8d0476ab0e;907;SQUARE SAINT - LOUIS;2.12537268;48.79678239
544f1e7d-8c39-4e5e-a5e1-054405bf0041;584;PARC FORESTIER DE LA PORTE VERTE;2.15167163;48.81612829
546af323-6bca-496f-a547-fe855489eab6;586;PARC FORESTIER DE LA PORTE VERTE;2.1513223;48.81612812
548eff9c-71a9-476f-a834-811724d68c33;911;MATERNELLE RICHARD MIQUE;2.14408021;48.81154485
54e50c40-6519-4947-87b6-1bccf0a9a762;1014;MATERNELLE DUNOYER DE SEGONZAC;2.16053733;48.80239938
54f98f4f-0c82-44a7-b88c-577e8e997914;36;SQUARE SAINT - LOUIS;2.1253438;48.79691121
55615e4e-cddc-4de8-ab90-b2bc8f45dbdf;1022;MATERNELLE LES ALIZES 2;2.12050189;48.78410175
55b43942-07d1-4c34-848a-db8e079f27fa;218;MATERNELLE VAUBAN;2.15217928;48.79970748
55e12627-e56a-416d-ac9b-18d30a5fba40;204;MATERNELLE LES TROIS POMMIERS;2.13586776;48.80314257
55e4b240-bada-43f5-9697-27d14db9be9d;843;SQUARE HOCHE;2.12776767;48.80627128
55ea1d2e-ae21-4823-8702-560f1e3970a7;223;MATERNELLE VAUBAN;2.15202921;48.79969539
5602124d-406f-40a0-b8cc-ef414e28f379;189;ELEMENTAIRE CARNOT;2.12559587;48.80704692
561e1f26-d271-4b78-b7bc-cc639e30cbed;720;PLACE LABOULAYE;2.13846091;48.81901111
56504c12-0f4a-4dd6-9a80-7da58c2f731e;757;JARDIN BONNE - AVENTURE;2.15368657;48.80745601
56547d82-2d82-4e1e-b065-e0332833208f;936;ELEMENTAIRE VAUBAN;2.15217559;48.79883202
56d73b59-02a0-4030-875b-8304b75c745c;537;BOULEVARD DE LA REINE;2.13527477;48.80865269
571e5ec5-4f7b-4e10-b632-a1a8f54e90cf;32;SQUARE SAINT - LOUIS;2.12565004;48.79676447
575e900c-995b-4a57-90ca-2f7ea6c752a7;934;SQUARE DU STADE DE PORCHEFONTAINE;2.15772949;48.79319528
57b211b6-8d7d-41c4-a10d-596f87b70256;671;BOULEVARD DU ROI;2.126726;48.81193493
57d329bc-b207-493e-a083-9b631a92f091;466;PLACE ALEXANDRE 1ER;2.14118384;48.8060234
58427b8d-e035-4f22-ab29-d1501245389d;799;JARDIN DES RECOLLETS;2.12326964;48.80205005
5864f7d2-28e4-49b7-b5d7-3b3eb7041ca0;174;ELEMENTAIRE COLONEL DE BANGE;2.13240384;48.81405912
58ce28d0-041a-4039-8d8e-18d3724f39e2;818;SQUARE BERTHIER;2.13276371;48.81092175
58e1421a-dd74-4415-9c4f-4150edba312a;452;AVENUE DE SAINT - CLOUD;2.13352134;48.80488359
58e1e275-2be7-400c-8e0b-47e38154e5bc;313;AVENUE DE PARIS;2.14809935;48.79843914
58ed3f0e-fae7-4397-80b6-5d7d5b2f0d20;58;JARDIN DE L'ECOLE DES POSTES;2.15867187;48.80204862
59501118-0453-4352-98c8-e1085ebec7af;100;SQUARE MAIS QUART PORCHEFONTAINE;2.15495145;48.79477634
5a02c11f-fec1-4fe3-8e58-b3f34b7a6c55;600;PARC FORESTIER DE PICARDIE;2.15746248;48.81278164
5a2be45f-543c-450c-8338-5fa811634bf5;339;AVENUE DE PARIS;2.13245393;48.80177522
5a69cbc9-7625-4a39-bf3d-8be3b8d3d7f4;382;AVENUE DE PARIS;2.1380934;48.79982517
5aa9aea4-db4b-4bad-9633-390b261fc8a3;346;AVENUE DE PARIS;2.15847575;48.79816989
5ab7d3cc-12ae-4f05-aa8f-c94cbf690781;775;JARDIN BONNE - AVENTURE;2.15263141;48.80699077
5ac12e73-4b2e-48d0-be27-0be62eda2222;504;BOULEVARD DE LA REINE;2.14144281;48.80835801
5ada7a49-b30b-49c8-932c-03668bf90ae0;500;BOULEVARD DE LA REINE;2.1443673;48.80812794
5bccd7dc-6d3b-435c-9ffa-7df41b2287fa;622;SQUARE RICHARD MIQUE;2.14541215;48.81208496
5bfbd4aa-3c6b-4b3f-a87e-47950167facf;614;PARC FORESTIER DE PICARDIE;2.15510455;48.81311349
5c78fb26-a7ce-4ad8-a206-8c533265aa49;106;CRECHE MULTI ACCUEIL  PETITS BOIS;2.15707923;48.80934006
5cbf5d42-3330-49f5-83ae-344ef6c31f48;900;JARDIN BONNE - AVENTURE;2.15382148;48.80700377
5d57e840-87e0-4365-943b-adfbd047dc4b;373;AVENUE DE PARIS;2.14462943;48.79807703
5eefa13d-4900-46af-b66b-732f72f4c30b;229;ELEMENTAIRE MARCEL LAFITAN;2.13097197;48.80874503
5f0b042b-0321-44f2-b11a-dd2eab51500c;87;CRECHE DU CHAT BOTTE;2.13655613;48.80907179
5f82ae46-a406-40a0-97bf-cb34e0c321c9;735;SQUARE DU STADE DES CHANTIERS;2.14260795;48.79438008
5f893182-7d13-430f-8745-0a8fa0827967;439;AVENUE DE SAINT - CLOUD;2.12791591;48.80447997
5fc838e8-13f1-405a-b84e-c680062bc842;766;JARDIN BONNE - AVENTURE;2.15362391;48.80719808
5fde136b-e85d-4d73-9447-1fd55ee40ab5;769;JARDIN BONNE - AVENTURE;2.15253189;48.80717627
601b3677-c799-4495-afff-0105cbfbc58f;714;PLACE DE LA LOI;2.15083515;48.81307773
60413b68-973a-4047-ab97-aede47aa5984;116;MATERNELLE ANTOINE RICHARD;2.15237967;48.80722472
604e7539-deab-4e50-acb3-5bcff1facfcf;994;MATERNELLE HONORE DE BALZAC;2.14388072;48.80583671
60c506a7-12e4-4ab3-9501-7032bc783453;489;AVENUE DES ETATS UNIS;2.14261839;48.80630637
60d0f80b-32c7-472f-a2d3-54edc805a573;412;AVENUE DE SAINT - CLOUD;2.13417776;48.80527583
60e01b3f-5480-44a8-aae5-bcef120685a7;868;SQUARE ILE DE FRANCE;2.16137598;48.80282219
61077aee-24b2-462c-b5de-5906b1e48670;863;SQUARE ILE DE FRANCE;2.16150255;48.80326467
612afc1e-fb4a-4739-abc1-93d958f6f723;472;AVENUE DES ETATS UNIS;2.14245074;48.80643966
613c304a-43c4-4f54-8d2b-ebd2081dc74e;1028;CRECHE MARIE ANNE BOIVIN;2.15203494;48.80713713
61729d69-62db-48c3-bfdb-5fefee4f47cd;932;SQUARE DU STADE DE PORCHEFONTAINE;2.15758559;48.79323735
619162b6-3db8-469b-92f3-c8e512755d57;880;SQUARE DU BERRY;2.15920953;48.802542
619f05f8-fa15-43d9-a19d-3e6ba18efc99;386;AVENUE DE PARIS;2.13271826;48.80112634
61b045bd-5d3d-4cb1-a98a-850924708e43;879;SQUARE DU BERRY;2.15919275;48.80255344
623435d4-4293-4156-87a9-a03ddaeebddd;193;MATERNELLE LES MARMOUSETS;2.12599704;48.80736553
6259340c-f1f1-4e26-953d-b9743d2f7765;38;SQUARE SAINT - LOUIS;2.12571652;48.79687536
629fedcf-7e5e-4302-8280-822ece8355b9;1050;MATERNELLE LES LUTINS;2.13762946;48.79668515
62b80d57-9b61-41e5-aa13-a2fff4bdf652;783;JARDIN BORGNIS DESBORDES;2.12220558;48.79498823
62bbfa34-e46d-4f6a-9266-53a514f099d9;832;SQUARE BLAISE PASCAL;2.15296101;48.80313361
63db611a-3159-4fe8-bc3e-e2fd6d076aca;933;SQUARE DU STADE DE PORCHEFONTAINE;2.15769649;48.79321966
643b460f-07f3-4bf0-962e-68d144444c60;953;SQUARE DU STADE DES CHANTIERS BIS;2.14189117;48.7946853
645184f0-185e-4a6a-91b2-ceb19b655162;190;ELEMENTAIRE CARNOT;2.1256395;48.80703537
649bde5a-b117-406b-a410-dda7d6090dcd;1060;MATERNELLE LES LUTINS;2.13804927;48.79646975
64dbb1cc-614a-4842-9d8a-64e75d959e80;821;SQUARE BERTHIER;2.13253037;48.81080749
6529c8ce-59a8-4325-9f9e-716a5a735c8a;84;CRECHE DE LA GOUTTE DE LAIT;2.13541474;48.80711092
653cf526-581c-4132-9212-2e5e4cd62cdc;345;AVENUE DE PARIS;2.1589074;48.79826516
65a10d62-795c-4cc0-b4a6-93d5d4f99a84;31;SQUARE SAINT - LOUIS;2.12541433;48.79670611
65a94860-fc65-45fa-8d42-56ff91d148ae;115;MATERNELLE ANTOINE RICHARD;2.15233972;48.80722142
66450b38-7c29-4501-8d4c-ddc997a0e461;418;AVENUE DE SAINT - CLOUD;2.13392378;48.80537
6659103b-bba5-4029-91c6-857adf6e45e3;595;PARC FORESTIER DE LA PORTE VERTE;2.15126712;48.81590072
66c94a9e-bf12-4377-b2eb-64791048be11;772;JARDIN BONNE - AVENTURE;2.15238388;48.8070281
67d89d3e-cc8e-4a33-9e8d-eed31a23a536;213;MATERNELLE VAUBAN;2.15214594;48.79990947
67e0deb3-aa39-460c-bbc0-50dc1a63d693;842;SQUARE HOCHE;2.12768569;48.80627374
6812fbc3-9d49-45e5-8abd-403cdfdee4de;870;SQUARE ILE DE FRANCE;2.1615941;48.80289167
683b5e27-a7b3-4782-8433-3c386ef50245;60;JARDIN DE L'ECOLE DES POSTES;2.15812224;48.80199662
68605487-f219-4b86-a042-6404182a51b8;871;SQUARE ILE DE FRANCE;2.16170623;48.80299516
6881bc1d-a7d1-465b-8822-6562951b8ceb;572;PARC SEMALLE;2.12181378;48.81337008
68c2ef35-35a5-450f-838b-ed8942b46fc8;109;MULTI - ACCUEIL VAUBAN;2.15226979;48.80206654
68dc1278-1072-4ddd-bcab-90e446eecd0a;459;AVENUE DE SAINT - CLOUD;2.13758089;48.80519319
68e1afc3-d565-4118-92c9-e7ad5dd8bee3;790;JARDIN DU CONSERVATOIRE DE MUSIQUE;2.12487426;48.80159238
68f9fbef-043e-46c0-bba7-054c94c74082;356;AVENUE DE PARIS;2.15266937;48.79819126
6900533c-1372-4b52-bc81-1f3313c1779e;384;AVENUE DE PARIS;2.13546115;48.8003921
6910a551-64b4-47ba-a0bd-d5d2f5f94a4b;1042;MATERNELLE LE PETIT PRINCE;2.12983014;48.80827032
69457694-f047-4a87-a9ed-bdd46397ecf7;276;ELEMENTAIRE JEROME ET JEAN THARAUD;2.1282683;48.794375
69548d5f-7e2b-48c2-bb1a-cf7f70dcbd1c;43;JARDIN DE L'ECOLE DES POSTES;2.15802692;48.80158821
6a630f2a-4f19-4733-9205-f70400a83361;156;MATERNELLE LA MARTINIERE;2.11370328;48.78065665
6a7a6f92-1220-4b0f-8546-5cdf909931b1;77;MULTI ACCUEIL DES CHANTIERS;2.14202892;48.79466817
6abc7746-7c80-4a41-80ee-1fbf3feb6adb;69;JARDIN DES MUSICIENS ITALIENS;2.14620266;48.80171347
6b989ad4-cbf7-45cc-ad24-5b969fe637e5;884;AVENUE DES ETATS UNIS;2.14709868;48.8087043
6c2ea869-6275-4860-a999-95a073b489c0;743;JARDIN BONNE - AVENTURE;2.15329115;48.8073666
6c50dbe5-ff0c-4163-b13d-56e1828d4af2;398;AVENUE DU GENERAL DE GAULLE;2.12824452;48.80019732
6c87bde9-2b72-435a-9545-c6ea3b992dfb;660;BOULEVARD DE LA REINE;2.12035137;48.80988763
6ce3956b-44f4-46bc-8d2e-6aa717598f3d;742;SQUARE DU STADE DES CHANTIERS;2.14230172;48.7943953
6cf95d84-bc4b-4d08-a334-20235dd59ebd;673;BOULEVARD DU ROI;2.12628701;48.81119755
6d095742-3a41-44d1-ab14-e22546f2f674;75;CRECHE  CLAGNY GLATIGNY;2.12283753;48.79541519
6d231ca5-31eb-4a77-a93a-90be186a6404;689;BOULEVARD DU ROI;2.12827243;48.81384926
6d7bc075-fba5-4ab1-890d-1181bec9affb;736;SQUARE DU STADE DES CHANTIERS;2.14257971;48.79443461
6db005dd-3ee9-4016-9555-b9b463b75195;761;JARDIN BONNE - AVENTURE;2.15383863;48.80733266
6df6eb57-2889-4562-8ce8-93865328f088;602;PARC FORESTIER DE PICARDIE;2.1578832;48.81267197
6dfb3885-376d-44bc-8545-ef56df75d26d;2;SQUARE DES FRANCINES;2.13149577;48.79682003
6e16292b-3180-4b04-911f-5051b16668ed;478;AVENUE DES ETATS UNIS;2.14360566;48.80717207
6ea6429b-5f24-4c84-9900-905d17785523;919;MATERNELLE RICHARD MIQUE;2.14365697;48.81146934
6ed6fb85-623d-4d7a-be3d-e76fc661cf04;807;JARDIN J.A LE ROI;2.12183977;48.80180584
6f15fc36-f864-4668-b5fc-e3c0cc0a2057;910;MATERNELLE RICHARD MIQUE;2.14414657;48.81153737
6f61eb3a-4dd0-4318-9eef-6baeefc6db7b;408;AVENUE DE SAINT - CLOUD;2.12879415;48.80499939
6fb02902-6995-46fa-870a-f7c0ec09d72a;607;PARC FORESTIER DE PICARDIE;2.1577718;48.81314058
6fccc8da-7b92-4c41-aa56-5b59e115ea28;722;SQUARE JEAN HOUDON;2.13601159;48.81336458
6fd0cec0-6d23-4741-af65-ddf8f43a8593;672;BOULEVARD DU ROI;2.12656354;48.81152365
6fdf6773-56bd-400f-9515-be3d5014db37;467;PLACE ALEXANDRE 1ER;2.14144694;48.80601705
6ff6cb07-16fd-462b-80c5-ae96232b292d;433;AVENUE DE SAINT - CLOUD;2.13983016;48.8056814
715d58a0-0818-4559-aed7-8b84ad6ef9c4;133;ELEMENTAIRE CLEMENT ADER;2.11987161;48.78366519
71655bbe-c4ed-471b-9bfc-0212415c9643;752;JARDIN BONNE - AVENTURE;2.15340787;48.80764832
721786b3-edef-4730-98be-84ac1ad8a7f4;998;MATERNELLE HONORE DE BALZAC;2.14412001;48.80574365
7236ce4a-06b5-4d54-84ae-67ab7659c459;1011;MATERNELLE DUNOYER DE SEGONZAC;2.16031176;48.80234711
725a25c8-0a5a-4eac-9e37-4cd1a96ea01b;181;ELEMENTAIRE COLONEL DE BANGE;2.13279801;48.81424137
726cbcd1-f95d-45cd-a934-9139913415af;521;BOULEVARD DE LA REINE;2.12942635;48.80930668
72bbedc6-abd1-4027-8a74-06223bb90980;291;AVENUE DE PARIS;2.15686798;48.79866483
72d9662c-d5ef-4f54-ab71-d79251d3f652;542;BOULEVARD DE LA REINE;2.13228247;48.80888699
72e30a38-116c-4562-a2ae-26a6e79c8487;695;RUE DES RESERVOIRS;2.12427341;48.8077155
72f43ddd-85ba-4b5e-8a9c-893aca5fb62b;379;AVENUE DE PARIS;2.14075053;48.79911596
72f51bae-7ca0-419f-84c6-07d41023e167;588;PARC FORESTIER DE LA PORTE VERTE;2.15147829;48.81615968
731f4e10-4541-4a30-b50d-68669180967f;258;ELEMENTAIRE EDME FREMY;2.13921473;48.79660135
7321a648-051e-4e1b-926d-8f22cf0f4018;211;MATERNELLE LES TROIS POMMIERS;2.13549471;48.80281575
732983b1-ae04-4c1a-979c-a20ca56c8147;29;SQUARE SAINT - LOUIS;2.12561364;48.79671208
736dcba7-876d-4e29-b349-cffdbc49b5be;1001;MATERNELLE HONORE DE BALZAC;2.14412481;48.80560683
740dc619-30ee-4f8f-aefe-d608bd0f4b33;966;SQUARE DE L'ETANG DE LA MARTINIERE;2.11282959;48.78105714
7444271f-aa92-4bd6-b085-17a31fa6f43a;24;JARDIN DE L' HOTEL DE VILLE HORLOGE;2.12979364;48.80062902
745d01b9-df0e-4251-9bc3-015f3f161e91;355;AVENUE DE PARIS;2.15455298;48.79806897
74614a1c-4501-4f74-b386-26bcc4b714f5;892;ECOLE ELEMENTAIRE CHARLES PERRAULT;2.15574973;48.80478896
74631854-7f67-4b6f-af93-f5857e410a83;786;JARDIN DU CONSERVATOIRE DE MUSIQUE;2.12501653;48.8014224
74770bbd-353c-44b9-a210-18562c346ea0;442;AVENUE DE SAINT - CLOUD;2.13001083;48.80474703
747c8e24-dacd-4c97-b804-3242c299d3de;637;AVENUE DE SAINT - CLOUD;2.13687277;48.80558891
74917cb8-6d4e-4915-a962-aad237ba75cd;305;AVENUE DE PARIS;2.15144403;48.79865927
749dbf27-25fe-4ce2-9136-c22afcb752de;85;CRECHE DU CHAT BOTTE;2.13640139;48.80896786
74c03754-aa41-471d-854c-396bbf141b8a;894;ECOLE ELEMENTAIRE CHARLES PERRAULT;2.15619075;48.80470995
750b3b0a-94f0-4189-8fae-18e8150be785;475;AVENUE DES ETATS UNIS;2.14287571;48.80676639
75311317-7f37-46cf-a308-0edd46e65e6f;228;ELEMENTAIRE MARCEL LAFITAN;2.13110707;48.80880915
754ee959-3e8e-49ae-acab-385192ac1e8e;927;CRECHE MULTI ACCUEIL PRES AUX BOIS;2.16030357;48.80184094
755f297d-d55f-409c-8b3d-226f77dbad61;530;BOULEVARD DE LA REINE;2.14046893;48.80829226
757edc41-7a6f-4a1e-bc4d-74db856e09d5;1047;MATERNELLE LES LUTINS;2.12972842;48.80821363
75914e74-07eb-4fee-b9cd-c45178dd50d8;1010;MATERNELLE DUNOYER DE SEGONZAC;2.16021762;48.80225608
75c1bd37-3106-4dbc-90dc-e3c839f8370e;1021;MATERNELLE LES ALIZES 2;2.12025194;48.7840147
760ff225-3a6d-4964-96cb-834430be0646;143;ELEMENTAIRE CLEMENT ADER;2.1204837;48.7833869
76313306-fd56-4373-87ac-af9e09115390;827;SQUARE BLAISE PASCAL;2.15261159;48.80415989
76436ee7-34e8-4eae-b14b-bc795e4d38c7;912;MATERNELLE RICHARD MIQUE;2.14405911;48.8115464
7688cee4-9ffd-46a6-9fd2-183b88afab38;723;SQUARE JEAN HOUDON;2.13606494;48.81337949
769e5821-e48a-4f72-a676-c270dcac5d8e;579;PARC FORESTIER DE LA PORTE VERTE;2.15102004;48.81685597
76c78076-75cc-4904-b017-4dcfbcfc805d;336;AVENUE DE PARIS;2.13585202;48.80101049
771f2b04-f45b-4a62-98df-26d9ac591075;436;AVENUE DE SAINT - CLOUD;2.12766398;48.80457584
7754803a-6a14-40f8-95a2-444793e57ddd;410;AVENUE DE SAINT - CLOUD;2.12782915;48.80493387
77cc7e27-0069-4a03-bac9-e82ae026a9f3;881;SQUARE DU BERRY;2.15920373;48.80260467
787eed6a-41b8-45a2-ab9d-23ba32bf57c9;378;AVENUE DE PARIS;2.1428385;48.79855519
788736b7-5102-4667-9bd4-4b189609db55;225;MATERNELLE VAUBAN;2.15196957;48.7996997
788acf04-e2d6-44a9-9e7f-4d3481c089ab;820;SQUARE BERTHIER;2.13253626;48.81082835
78cb0976-9342-4a3c-9ecc-9b254b66c929;224;MATERNELLE VAUBAN;2.15199913;48.79970099
78d91db2-5293-4201-83df-1c37d72bc6c9;454;AVENUE DE SAINT - CLOUD;2.13684744;48.80524258
78e9cf35-ef95-4efa-9b98-2936dc8b014c;700;RUE DES RESERVOIRS;2.12466316;48.80798164
791eb32a-c440-4ffc-a4f9-767da454523b;773;JARDIN BONNE - AVENTURE;2.15237938;48.80699549
79530674-d4ef-4e05-b846-4a761d309f27;205;MATERNELLE LES TROIS POMMIERS;2.13573007;48.8031202
795ad9f4-0405-404c-b414-2f87b1ab3e19;99;SQUARE MAIS QUART PORCHEFONTAINE;2.15497964;48.7948146
7a16a665-ab29-48eb-9b9d-be4a033d4efc;1049;MATERNELLE LE PETIT PRINCE;2.12969338;48.80819154
7a76b945-a47a-4288-91a5-d0fb70830713;667;BOULEVARD DU ROI;2.12765154;48.8133387
7aa90b5a-8277-4a00-8d4e-86a01df32e6f;45;JARDIN DE L'ECOLE DES POSTES;2.1580788;48.80151889
7ab5aa2f-25ae-49fc-be12-46d3e9882b89;465;PLACE ALEXANDRE 1ER;2.14101658;48.80598099
7ad4c8e2-c7a5-4ae0-b98e-b8353bb75cc4;1070;ELEMENTAIRE COLONEL DE BANGE;2.13269669;48.81392662
7b1e1a94-93d5-46e4-ba8d-1efd0229a995;728;SQUARE JEAN HOUDON;2.13631645;48.813463
7b2c514b-0c1d-464c-a33c-90f19187d489;309;AVENUE DE PARIS;2.14992592;48.79848557
7b2e8b91-b79c-4085-822a-ac581eb6f0cc;553;SQUARE JEANNE D'ARC;2.14343687;48.82275886
7b88af7f-e622-435c-93a8-dbc586472322;856;SQUARE ILE DE FRANCE;2.16225671;48.80291349
7bc0cd05-ba74-4323-92bc-a5c34eca8d71;180;ELEMENTAIRE COLONEL DE BANGE;2.13277239;48.81424119
7bc16474-df6a-4271-9f64-12c376503bb1;511;BOULEVARD DE LA REINE;2.13626755;48.80881777
7c0adbb2-3684-496b-8bba-f367ec0cd51a;3;SQUARE DES FRANCINES;2.13170424;48.79680627
7c7f65bc-dc8d-49f2-963d-c70debc5d6ef;255;ELEMENTAIRE EDME FREMY;2.13897341;48.7966548
7d620cfd-710e-46eb-b4db-9af4fe74dff4;725;SQUARE JEAN HOUDON;2.13618834;48.81331457
7e196b96-2422-4095-8867-71cee4c7a61d;158;MATERNELLE LA MARTINIERE;2.11364726;48.78085382
7e7db396-e3eb-4759-ac38-390cbca60dc8;277;ELEMENTAIRE JEROME ET JEAN THARAUD;2.12826484;48.79436938
7e82787f-91ae-4d79-bd9d-65dc6ad47215;458;AVENUE DE SAINT - CLOUD;2.13803565;48.80522655
7e82e188-7d36-4559-83b4-1be36db4990a;347;AVENUE DE PARIS;2.15772161;48.79814763
7ec79578-872e-46e6-b762-eba38b75dbf4;643;SQUARE BONNEFOUS;2.12555423;48.80516196
7f1c065b-f534-4652-a8c4-e956e4923c6f;411;AVENUE DE SAINT - CLOUD;2.13278168;48.80517414
7f307761-b4c1-4d0f-b1b3-b66b6d0563da;91;CRECHE  CLAGNY GLATIGNY;2.1409473;48.81199006
7f408715-f1a8-4a4a-9c4f-496ee4b25fae;561;PARC SEMALLE;2.1219992;48.81348444
7f4dc74f-de94-44e5-bd2e-13811c56bdc4;1025;MATERNELLE LES ALIZES 1;2.12134357;48.78399416
7fa95b84-69cc-4340-bf70-6b27badd0e29;896;ECOLE ELEMENTAIRE CHARLES PERRAULT;2.15596466;48.80458005
7faf34e0-6929-469d-b026-eea56ed941f6;501;BOULEVARD DE LA REINE;2.14390352;48.80821782
800e7ac1-36d6-4c17-aa28-4039275f80f2;123;MATERNELLE LES ALIZES 1;2.12097654;48.78396967
80300cc6-c07f-4378-9f40-ca8e6d4e8cea;931;SQUARE DU STADE DE PORCHEFONTAINE;2.15733358;48.79328395
80342494-05d8-4775-98fd-f9a01e419f09;498;AVENUE DES ETATS UNIS;2.14500315;48.80753672
803bbe0b-9e00-4048-8738-da271dc55484;524;BOULEVARD DE LA REINE;2.12758501;48.80950469
80b3b200-71f9-482c-877b-895e78cc37d0;427;AVENUE DE SAINT - CLOUD;2.13917631;48.8056328
80c1ade0-580a-400d-80d6-ce9861b70b7a;1043;MATERNELLE LES LUTINS;2.12984931;48.8082811
80f2e493-2677-4074-a7c1-969747656278;155;MATERNELLE LA MARTINIERE;2.11365935;48.78066344
8102b650-a52c-423b-acb3-46f04079d987;337;AVENUE DE PARIS;2.13528201;48.80116445
81304f88-8c42-472b-a436-a88c2cc6885b;839;SQUARE BLAISE PASCAL;2.15256943;48.80286218
8164ee1c-8492-4f32-bd5f-864e74473345;233;ELEMENTAIRE ALBERT THIERRY;2.15628783;48.80635497
81d4b509-ddc5-4143-91a5-22781d0d06bb;718;PLACE DE LA LOI;2.12907749;48.81488958
81f1eb57-6a75-42de-b85f-1bb76b0173be;771;JARDIN BONNE - AVENTURE;2.15238836;48.80706223
82b5c183-590c-47d5-b6d5-61d17f5f6927;221;MATERNELLE VAUBAN;2.15208713;48.79969286
82c4ed8c-0bbd-4b2c-9800-472ab997a028;802;JARDIN DES RECOLLETS;2.12290431;48.80192851
831b444d-1138-4349-baed-05fe353f1b64;280;ELEMENTAIRE JEAN BATISTE LULLY;2.15186414;48.7993833
831d1cda-40a0-46cb-8747-91cb6b127d25;690;BOULEVARD DU ROI;2.12839116;48.81404659
838f43b8-2628-479c-8ba5-99b9fceeef5f;654;AVENUE VILLENEUVE L'ETANG;2.14130297;48.81401848
8398513d-16cf-4021-b09b-897739f21b39;361;AVENUE DE PARIS;2.15139055;48.79798756
83f434ee-361a-409f-9f3e-6b596fbaccf1;248;ELEMENTAIRE YVES LE COZ;2.14926763;48.7907311
83feaa60-0a52-43b0-9d12-e59b90106041;668;BOULEVARD DU ROI;2.12734072;48.81281735
844ac2ce-8b9b-4f4b-a709-5631641420d9;275;ELEMENTAIRE JEROME ET JEAN THARAUD;2.12831185;48.79443399
84587cdf-c36a-4eeb-92a3-b4a3bb5cc737;533;BOULEVARD DE LA REINE;2.13856743;48.80844218
84668c03-5fe2-4cc3-878d-d8b95a5bf3f2;206;MATERNELLE LES TROIS POMMIERS;2.13571785;48.80309615
851f1898-bf91-4928-ac53-f4b2c70c04b2;609;PARC FORESTIER DE PICARDIE;2.15732549;48.81320434
8552f718-e667-4bbd-ac7e-4598492af2dd;455;AVENUE DE SAINT - CLOUD;2.13709127;48.80514044
8572994d-a135-4202-a165-d58ea34d278b;852;SQUARE HOCHE;2.12755695;48.80593166
85b965ce-ff38-4065-be34-76fc4f5731bc;401;AVENUE DE SAINT - CLOUD;2.12762137;48.80480068
85faa5bd-de9a-451a-8bd3-8c7059fce227;477;AVENUE DES ETATS UNIS;2.14349201;48.80701564
861880da-fda5-4892-a54e-43b570494978;663;BOULEVARD DU ROI;2.12831412;48.81457323
86509331-6821-402e-bd9d-d3a6d7eb8c68;483;AVENUE DES ETATS UNIS;2.14458463;48.80762206
86fe04ab-96ed-418c-b091-e3218293c8cc;272;ELEMENTAIRE LA SOURCE;2.15527828;48.80820128
871e8151-751e-4943-ab9d-01a90bd64f52;469;AVENUE DES ETATS UNIS;2.14165855;48.8059993
872977ba-6cc8-498a-b7ea-94e373f53d4b;387;AVENUE DE PARIS;2.13120477;48.80152563
877db765-d7bc-44ec-89c6-62d13fb5eb1f;268;ELEMENTAIRE LES CONDAMINES;2.14620348;48.80192272
878aadea-1a2a-4f50-a7f9-fa7ad813c724;1018;MATERNELLE DUNOYER DE SEGONZAC;2.15998656;48.80231882
87c7a389-07e7-45a2-8a88-8df91caff47b;726;SQUARE JEAN HOUDON;2.13614097;48.81327021
882fa652-3054-48ad-8a3b-778d80473be5;909;MATERNELLE RICHARD MIQUE;2.14361356;48.81171932
883179eb-82cb-4032-b1d6-4c34bfcbb2cc;176;ELEMENTAIRE COLONEL DE BANGE;2.13230033;48.81404229
89276249-2b2e-40d2-b563-bfabdd52562f;1020;MATERNELLE LES ALIZES 2;2.12039358;48.78414177
89ad6157-e0e3-4b30-85c8-2decf64d4e5a;366;AVENUE DE PARIS;2.14842721;48.79791087
89c89d32-327c-4b5d-9047-d589d271e109;107;CRECHE MULTI ACCUEIL  PETITS BOIS;2.15712323;48.80932778
89cf560b-7c9e-4522-88fb-bc182578e468;678;BOULEVARD DU ROI;2.12583398;48.80978746
8a0a3ffd-1b8e-496d-b843-6effaf3a7d75;364;AVENUE DE PARIS;2.14902952;48.79805215
8a6b39d9-b023-4958-9b46-58a5b63bfa62;239;MATERNELLE DES PETITS BOIS;2.15692966;48.8063211
8a6c5509-fe5e-42e2-943b-3717d155bcfd;451;AVENUE DE SAINT - CLOUD;2.13400297;48.80491852
8ad33d49-f032-403c-b890-853fdf66de75;50;JARDIN DE L'ECOLE DES POSTES;2.15848463;48.80177127
8ae30e32-a054-4822-8cc9-e76126283a36;4;SQUARE DES FRANCINES;2.1316535;48.79677873
8b0c78e5-e733-477a-89a2-b46d1e9667ad;619;PARC FORESTIER DE PICARDIE;2.15760564;48.81341954
8b6759e9-2e0f-4e22-b57d-143da164a46c;734;SQUARE DU STADE DES CHANTIERS;2.1425536;48.79441089
8baadd97-12b7-402a-adc8-33d660ce457b;14;SQUARE DES FRANCINES;2.1314697;48.79667686
8bbdc505-0f2f-438c-93c0-74350b34effc;534;BOULEVARD DE LA REINE;2.13733661;48.80848784
8beaf818-0a31-45b3-abff-363fa5168fa3;854;SQUARE ILE DE FRANCE;2.16234433;48.80293914
8d30199b-eb16-4b30-85a9-59f3dd902670;210;MATERNELLE LES TROIS POMMIERS;2.13553356;48.80282856
8d51edf8-7e6e-4891-9129-fefa3ed459ef;581;PARC FORESTIER DE LA PORTE VERTE;2.15148444;48.81620505
8d7341af-daa8-40d2-943f-801fb708e692;685;BOULEVARD DU ROI;2.12722999;48.81224754
8d9dc003-959e-4c8f-8c7e-e2375f24cbf0;247;ELEMENTAIRE YVES LE COZ;2.14945939;48.79065746
8da41321-bd88-4449-9024-7dfb4a40bf02;825;SQUARE BLAISE PASCAL;2.15248578;48.80461578
8dc0be98-a1da-4e70-8ea2-ce2f9bfeb7c5;1002;MATERNELLE HONORE DE BALZAC;2.14409661;48.80559698
8e019e94-bdc3-4323-803b-9c11deb9b800;552;SQUARE JEANNE D'ARC;2.1433448;48.822766
8e03c7b4-46b2-40ae-a985-36a18ad213e5;19;SQUARE DES FRANCINES;2.13165636;48.7965467
8e39538c-a24b-416e-8c40-4eb5cb934421;887;CRECHE NOTRE DAME;2.13250147;48.81085596
8e545e88-bf26-4840-9e35-9f70d32c4350;251;MATERNELLE VIEUX VERSAILLES;2.12147722;48.80150949
8e7b9ac5-3387-4e06-b92c-52ae04a5012b;1069;MATERNELLE COMTESSE DE SEGUR;2.12831205;48.79483696
8edceecc-5d0b-4989-9de5-ece5ea144b20;627;SQUARE RICHARD MIQUE;2.14644132;48.81210078
8f1042b4-9872-4a24-957f-cc1fbd9a83c3;111;MATERNELLE ANTOINE RICHARD;2.15200946;48.80722058
8f45a612-b1da-479f-a882-9ae2249f62b2;98;SQUARE MAIS QUART PORCHEFONTAINE;2.15498532;48.79484859
8fb4745b-c001-4403-bce3-5dfac1d0154c;813;JARDIN DU MUSEE LAMBINET;2.13050641;48.80891343
908ee737-2ea1-4071-9d9c-600162bed9a6;688;BOULEVARD DU ROI;2.12785123;48.81328472
90d64a87-7785-47b9-8f36-af8b66ed02a6;216;MATERNELLE VAUBAN;2.1522917;48.79970755
90f17b63-7130-45c7-a22b-ff4cacee1149;381;AVENUE DE PARIS;2.13849378;48.79957578
9152fece-0661-498d-9e68-097413887888;260;ELEMENTAIRE EDME FREMY;2.13876803;48.79633582
9170c93f-0e47-461c-b10a-44f2dbb2e831;495;AVENUE DES ETATS UNIS;2.14427269;48.807131
91958007-b91d-4714-abd2-d9cdda7bf601;484;AVENUE DES ETATS UNIS;2.14470352;48.80777813
91a36ca9-7a41-420b-b179-e3a3daec8ee5;961;SQUARE DU STADE DES CHANTIERS BIS;2.14189311;48.79479639
9249c26e-2b2c-4b6e-8b35-41adda4fa58c;41;MULTI - ACCUEIL SAINT - LOUIS;2.12564881;48.79655315
92c2ebf1-2fbc-4b50-9554-d721917577b0;706;BOULEVARD SAINT ANTOINE;2.12281014;48.81734504
9301b633-c6ad-457a-9b24-72e0a05351fb;23;JARDIN DE L' HOTEL DE VILLE HORLOGE;2.12983883;48.80068057
93465eab-bc66-475a-bbae-902670c62307;1046;MATERNELLE LES LUTINS;2.12975494;48.80820532
935c0abc-84d5-4741-afc3-db00f6596594;482;AVENUE DES ETATS UNIS;2.14433729;48.80757256
940e8274-0e59-49f1-bfdd-4a7919c65b44;1008;MATERNELLE LES DAUPHINS;2.13229722;48.81320137
941c3335-6fec-4ef6-8388-82e2482aebeb;304;AVENUE DE PARIS;2.15163811;48.79866307
94673834-9382-405c-bb82-94145e055459;441;AVENUE DE SAINT - CLOUD;2.12954202;48.80471355
9492e018-b17e-456d-bc97-6ae9090583ca;618;PARC FORESTIER DE PICARDIE;2.1575269;48.81335358
956f6d2d-137a-44e7-9775-e13c6d792a1d;797;JARDIN DES RECOLLETS;2.1230697;48.80210682
95806c90-4efa-4d67-a1a7-a2a2fa32caeb;984;CLP LES GRANDS CHENES;2.15298065;48.78820513
96434a30-5da8-4526-9630-d4f9ed65be9a;875;SQUARE ILE DE FRANCE;2.16159316;48.80281736
967941aa-01e2-4be0-852d-a15f5e5809e7;150;MATERNELLE COMTESSE DE SEGUR;2.12825848;48.79470511
96820915-e08b-4042-8c2b-c0635b78cd76;497;AVENUE DES ETATS UNIS;2.14463623;48.80733329
96a72e95-817c-4ce5-bbd3-5aacf122e10a;168;MATERNELLE LES DAUPHINS;2.13218546;48.81332217
96f31604-165c-414d-a238-b55332556c97;490;AVENUE DES ETATS UNIS;2.14281096;48.80631897
97016b75-7daf-4337-abca-14b96eaa0446;419;AVENUE DE SAINT - CLOUD;2.13344929;48.80532641
972dd57e-ab2d-4c6b-b76b-babd3bc8864f;845;SQUARE HOCHE;2.12817772;48.80614592
9741ee27-dd05-4a94-a1fa-08cc8f656cc3;628;SQUARE RICHARD MIQUE;2.14635095;48.81200859
9795accd-c588-4158-991e-339adc8eb27e;426;AVENUE DE SAINT - CLOUD;2.13870475;48.80559765
97cb8fc9-848c-42fd-a2b8-2c55628a571e;1009;MATERNELLE LES DAUPHINS;2.13188699;48.81334425
97d25853-d49b-4817-b368-48e6bcdfd485;246;MATERNELLE DES PETITS BOIS;2.15688923;48.80588385
98566a67-bebe-4da5-8c2b-c0723d769450;862;SQUARE ILE DE FRANCE;2.16158209;48.80322744
98f4cd6d-8804-4061-b8ec-74cc18804995;406;AVENUE DE SAINT - CLOUD;2.12979586;48.80507553
990f9ada-dbd6-48b0-a157-1853625335de;415;AVENUE DE SAINT - CLOUD;2.13535726;48.80547195
994cbce0-9415-40f6-ad15-1891fb9854f2;6;SQUARE DES FRANCINES;2.13170029;48.79674136
996c1589-44f3-4e31-a6a5-ad9aeccbac7a;1016;MATERNELLE DUNOYER DE SEGONZAC;2.16009001;48.8024542
9a1b9364-3708-44d1-8d28-59529698e768;792;JARDIN DE L HEURE JOYEUSE;2.13587605;48.80281159
9a5c072b-1223-4f89-8930-926d847cf3e3;1007;MATERNELLE LES DAUPHINS;2.1323235;48.81320403
9acf651f-7467-4960-8ea0-5ef39a48a9c3;694;RUE DES RESERVOIRS;2.12463207;48.80831306
9afeebc0-9b59-4161-a541-80dec53aeadc;947;SQUARE DU STADE DES CHANTIERS TER;2.14328581;48.7955192
9b26b87b-9ea4-4eff-a961-6c4976db7c6e;601;PARC FORESTIER DE PICARDIE;2.15754147;48.8127118
9b5c6896-978e-4a1b-afe1-c53640829fab;79;CRECHE DES GENDARMES;2.13052047;48.80014206
9b61265d-9f88-4f0e-9728-b5dbf0c51f67;841;SQUARE HOCHE;2.12763049;48.8062347
9bb41451-656c-457c-8a08-e5b4baa98345;849;SQUARE HOCHE;2.1280442;48.80587228
9be15e9c-e020-4504-89ee-fc5bcc3bee89;815;JARDIN DU MUSEE LAMBINET;2.13062248;48.80889842
9c718a24-1379-4677-b5ff-d0af7705c9d5;676;BOULEVARD DU ROI;2.12579647;48.8102523
9c7a8372-8d6c-4f57-8add-60f0bff726b0;194;MATERNELLE LES MARMOUSETS;2.12597187;48.80732517
9ca3f664-7eb2-4873-b6af-f303acc55d03;648;AVENUE VILLENEUVE L'ETANG;2.1482216;48.81665643
9cb239fa-86b6-4b8f-9c92-f9f6dd04684a;913;MATERNELLE RICHARD MIQUE;2.14403301;48.81154716
9cbff866-27b5-4fe2-847f-bf82d95a4edf;1062;MATERNELLE LES LUTINS;2.1381909;48.79640847
9cc7c93f-74ad-4bf4-a623-7971f884f7bb;903;JARDIN BONNE - AVENTURE;2.15407706;48.80698603
9d31f005-3182-4b8a-82c9-68b2acc76cf9;557;SQUARE SAINT - MICHEL;2.15387644;48.79390089
9d382078-b9fb-42cf-9da8-e5b6cc28fab4;941;ELEMENTAIRE VAUBAN;2.15186432;48.79888935
9d9d553e-132a-4528-b4ce-5f8b931c3c04;290;AVENUE DE PARIS;2.15706906;48.79880484
9dc40e3a-0ce4-4dc4-94b7-9a56cf473e52;613;PARC FORESTIER DE PICARDIE;2.15541472;48.81304806
9dffc5d9-6611-4e08-974f-99881b930509;904;JARDIN BONNE - AVENTURE;2.15404089;48.80692142
9e08b003-6bba-4ace-afe2-db471ecf62e0;494;AVENUE DES ETATS UNIS;2.14402461;48.80708603
9e41ef66-9388-47d9-9117-cba8a961f1b8;343;AVENUE DE PARIS;2.1283948;48.80285849
9eb2a8a7-231c-4dfc-b042-111aa0d836fb;570;PARC SEMALLE;2.12173121;48.81344512
9ec88ec3-1e4e-472a-9a3d-0711a1bd262b;154;MATERNELLE LA MARTINIERE;2.11363193;48.78066793
9ee601d0-300e-4b81-8464-4b710e0e76ca;149;MATERNELLE COMTESSE DE SEGUR;2.12821459;48.79471921
9f00d47b-cda4-4a5a-b7d9-fe3eda5495fd;145;ELEMENTAIRE CLEMENT ADER;2.12033608;48.7832555
9f23ac64-4de2-42ec-98f3-b8f73164e4e8;670;BOULEVARD DU ROI;2.12703085;48.81230211
9f8773e6-8eb7-4771-89f9-cb5d6c8d064c;1041;MATERNELLE LE PETIT PRINCE;2.12984942;48.80828117
9f91a2ca-aff8-4c10-9871-3f0730ffc8d7;178;ELEMENTAIRE COLONEL DE BANGE;2.13226374;48.81408518
a03bfa09-373c-4c60-82e1-79e49daa88d7;996;MATERNELLE HONORE DE BALZAC;2.14399726;48.80579191
a08ef269-4579-4c92-af81-490cc2d51fd7;376;AVENUE DE PARIS;2.14427494;48.79822301
a0958614-874f-4ad2-92cf-1d9da83dcbfa;487;AVENUE DES ETATS UNIS;2.1421968;48.80607225
a0a6ecfa-3c37-44b7-9a3b-811adca84789;468;PLACE ALEXANDRE 1ER;2.14123135;48.80531732
a0b678b3-ab13-4773-ad26-35fef9d409e7;629;SQUARE RICHARD MIQUE;2.14647934;48.81200323
a0f74c53-9c61-441e-9a92-f357ca82ccb6;105;CRECHE SAINT - NICOLAS;2.15514525;48.80714081
a18b66dc-b1d5-440e-8a1a-769d61ba87ae;124;MATERNELLE LES ALIZES 1;2.12093295;48.78393283
a1970c4c-c4df-4f0f-806f-bb93f490b687;591;PARC FORESTIER DE LA PORTE VERTE;2.15169657;48.81596259
a2393c73-97f1-40c8-a19a-0751bc711227;141;ELEMENTAIRE CLEMENT ADER;2.12013651;48.78383974
a252efde-ebe7-41ed-acb5-2b1ba350d633;93;CRECHE VESLOT;2.15508978;48.7949513
a2d6a460-8c38-4745-8c7b-9b5f7cf4df8e;367;AVENUE DE PARIS;2.1482158;48.79803347
a2d6df6f-cce7-409b-9823-bc54cc076c65;963;SQUARE DE L'ETANG DE LA MARTINIERE;2.11379155;48.78101082
a35ac2d3-1e37-4ff6-b024-51cbe2e16754;118;MATERNELLE LES ALIZES 1;2.12125479;48.78404372
a3639c7a-08e9-439c-b549-8144abceca82;721;SQUARE JEAN HOUDON;2.13600907;48.81330919
a3ff1a3f-2aab-4a40-ac6b-d112378e9a84;296;AVENUE DE PARIS;2.15410481;48.79872675
a4914566-c9bf-4516-84b1-cbc9d96b9609;806;JARDIN J.A LE ROI;2.12178644;48.80182094
a4d0a37d-ec9a-4a13-8072-cecd58e07043;136;ELEMENTAIRE CLEMENT ADER;2.11995478;48.78360215
a5486a48-370e-4dd1-8d9a-1b10e0ec2ce4;666;BOULEVARD DU ROI;2.12785392;48.81367557
a54b87e8-4355-4c78-8dc7-69ed6687680b;747;JARDIN BONNE - AVENTURE;2.15301326;48.80764855
a5e5807c-31b3-434a-b6b0-0eb072217120;21;SQUARE DES FRANCINES;2.13182788;48.79676777
a6008505-d1d8-4f03-ae08-fbe8366234dd;414;AVENUE DE SAINT - CLOUD;2.13513872;48.80534438
a60e958b-14ee-456a-9ded-8f7a718e758c;741;SQUARE DU STADE DES CHANTIERS;2.14259702;48.79430401
a6aa5ea8-da2d-4aab-8c4a-78eef2483211;306;AVENUE DE PARIS;2.1515566;48.79852634
a6ed6f1a-c7ae-477d-b77c-1ec2b2194b67;200;MATERNELLE LES MARMOUSETS;2.12584755;48.80712137
a719cf4f-c94b-4458-b679-426b45736f72;846;SQUARE HOCHE;2.12817684;48.80609327
a7cd53ad-9040-4d40-9be4-1a6fa52b4cfb;612;PARC FORESTIER DE PICARDIE;2.15596492;48.81308794
a86c147d-04dd-4ecf-8eb3-4ed9778b7b52;847;SQUARE HOCHE;2.12790746;48.80584081
a8b0c1b1-717b-43e0-ab9e-6790f6b02c19;49;JARDIN DE L'ECOLE DES POSTES;2.15840025;48.8017186
a8ba5490-52f1-4bf0-bacd-ec8b21d6a3d8;375;AVENUE DE PARIS;2.14432134;48.79821045
a8c46367-3112-409c-ae8b-af82337c63fd;1036;MATERNELLE LA FARANDOLE;2.14452256;48.81400116
a90d03b0-2857-4300-8072-ae04dffc60a1;71;JARDIN DES MUSICIENS ITALIENS;2.14684518;48.80144688
a92aaa3f-dee5-44b0-b289-05e31df81edf;804;JARDIN DES RECOLLETS;2.12310346;48.80163923
a97eb483-d13e-4338-9945-8272a418bb68;502;BOULEVARD DE LA REINE;2.14342237;48.80820294
a98dc483-2734-4eaa-ad87-2676c2bf7dc4;365;AVENUE DE PARIS;2.14873195;48.79791914
aa0a57f5-c3b0-418f-bdb7-d98f283a71d2;989;SQUARE VILLENEUVE L'ETANG;2.14120994;48.81363392
aa17b9d8-c41a-4383-a0a2-11a3e841707a;699;RUE DES RESERVOIRS;2.12512159;48.80874141
aa9120c1-16c9-4c03-8111-9643d6ac9fba;39;MULTI - ACCUEIL SAINT - LOUIS;2.12570937;48.7966832
aa98cd6c-7519-47b4-8f08-e96932b3ec6c;329;AVENUE DE PARIS;2.14285711;48.79913473
aaab656c-2294-4708-a7b2-0a0d9c7a4cdc;916;MATERNELLE RICHARD MIQUE;2.14369838;48.81154447
aaaf3715-9579-4195-afb4-2ae518124eca;681;BOULEVARD DU ROI;2.12665848;48.81115995
ab066f65-6580-4fa0-805e-92d3143e3fd6;135;ELEMENTAIRE CLEMENT ADER;2.11992773;48.78361447
ab6c5b19-76a7-434b-8824-038de9d9aa58;995;MATERNELLE HONORE DE BALZAC;2.14390832;48.80582641
abe1c5f7-4a34-429e-a687-3c96040d806d;338;AVENUE DE PARIS;2.13284161;48.80167135
ac20b1ed-dae1-4282-97b2-ee09dd9024d9;162;MATERNELLE LE PETIT PRINCE;2.12981573;48.80812266
ac52b599-5d02-4266-9a7d-abd5c44e2f38;222;MATERNELLE VAUBAN;2.15205485;48.79969263
ac642c02-7848-4ecb-9c41-fe9f4d2cf38a;776;JARDIN BONNE - AVENTURE;2.15245716;48.80687703
ac846a18-21f9-42c8-b67b-66baf7a1cbeb;399;AVENUE DU GENERAL DE GAULLE;2.12816323;48.80006603
aca5ba94-0ac4-40ac-b14c-7d36721798ab;977;SQUARE DE L'ETANG DE LA MARTINIERE;2.1131737;48.7819954
acb8501d-8337-4ba3-add0-8b9bb05462b7;92;CRECHE MARIE - ANNE BOIVIN;2.15213932;48.80692722
ad2d343c-f788-4017-8a2a-5d08562a87d3;658;BOULEVARD DE LA REINE;2.12117769;48.80996322
ad690182-a34a-4215-8ef2-0ae83bf55475;1000;MATERNELLE HONORE DE BALZAC;2.14420352;48.80569462
ae3a3343-1f5e-4a8c-9f76-9885ebbf1d1e;450;AVENUE DE SAINT - CLOUD;2.1344701;48.80495471
ae744620-f2cc-4bac-9059-a68aecd4b4ec;917;MATERNELLE RICHARD MIQUE;2.14366358;48.81154686
ae817636-de05-4f9c-897a-66f612f9c8d8;89;CRECHE  CLAGNY GLATIGNY;2.14079413;48.81182645
aeb9096a-5612-4541-881f-6ea37ea5a45d;937;ELEMENTAIRE VAUBAN;2.15233366;48.79883617
af4adc14-c563-4706-aac9-eef1d24e7b25;865;SQUARE ILE DE FRANCE;2.16096167;48.80311363
af9ddcb1-4a3b-4d28-a80b-128c3c3382db;1044;MATERNELLE LES LUTINS;2.12984942;48.80828117
b0099987-c465-4c89-955b-e32a9f070392;440;AVENUE DE SAINT - CLOUD;2.12743857;48.80444642
b078ec33-f6f8-4e94-b14f-5308762b3105;822;SQUARE BERTHIER;2.13252365;48.81078268
b07f75c9-e044-45d6-ae06-2f9975a79166;656;AVENUE VILLENEUVE L'ETANG;2.14032216;48.81356812
b09d2111-17a5-4c2e-88bb-2110adb70f78;518;BOULEVARD DE LA REINE;2.13137687;48.80920682
b18177e9-22cb-4b2b-8c71-3ac68049996b;855;SQUARE ILE DE FRANCE;2.16227764;48.80289693
b195c5ab-c386-4492-adb6-0146e5a15710;610;PARC FORESTIER DE PICARDIE;2.15660092;48.81282209
b1b01f01-9e8e-4f31-93c9-3ea71cf22c88;979;MATERNELLE LA MARTINIERE;2.11361987;48.78047781
b1b2ee41-0def-491e-8969-439b29b93743;444;AVENUE DE SAINT - CLOUD;2.12933658;48.80458052
b1ee88b0-6277-4cdd-a730-3da7bb6cf27c;829;SQUARE BLAISE PASCAL;2.15287451;48.80364572
b1fa0e00-d52a-435f-b53a-445969808e7e;245;MATERNELLE DES PETITS BOIS;2.15688047;48.80591471
b23ef1dd-9a39-45be-9742-693e8675015f;982;SQUARE STADE  PORCHEFONTAINE TER;2.16053532;48.79388057
b355662f-1a88-4a4c-907f-0f62585e81ba;737;SQUARE DU STADE DES CHANTIERS;2.14251826;48.7944692
b38b7059-72e9-4a02-b5ce-f006b32ca9cd;630;SQUARE RICHARD MIQUE;2.14666869;48.81199988
b3d6c59a-3493-47c7-9393-09db4651102c;551;SQUARE JEANNE D'ARC;2.14336802;48.82289262
b3dd143d-2512-490a-8d6b-4c8593428a27;94;CRECHE VESLOT;2.15513505;48.79497812
b401b79a-0c78-4d01-9661-9649b61e34e8;383;AVENUE DE PARIS;2.13678822;48.80003684
b485b351-a3b1-4ebd-9537-52973d1290a5;201;ELEMENTAIRE PIERRE CORNEILLE;2.15179654;48.79440543
b507fe6e-c16c-447d-8164-4d37610f726f;749;JARDIN BONNE - AVENTURE;2.15314831;48.80764877
b540ee3c-8847-4eb7-bd8d-6a27c907d3f2;1058;MATERNELLE LES LUTINS;2.13798952;48.79654967
b545b6a5-dbeb-4141-b77d-5fbbc3301d6d;603;PARC FORESTIER DE PICARDIE;2.1579521;48.81276733
b54c7f54-5765-4699-963a-4f1ad8674dc8;939;ELEMENTAIRE VAUBAN;2.15217202;48.79920942
b5aac866-7f1c-4482-b18e-005030f5424b;669;BOULEVARD DU ROI;2.12707241;48.81250816
b5ddc790-e369-4324-85d6-93189bcadedc;289;AVENUE DE PARIS;2.15738487;48.79867759
b5e13d23-2260-4b7f-a610-567c81a354bb;496;AVENUE DES ETATS UNIS;2.14438814;48.80728832
b6b81769-c323-498c-b4ea-1d0e8073fe31;515;BOULEVARD DE LA REINE;2.13419906;48.80893254
b6e5f0c8-220f-4b7e-ac9e-453342c7615b;861;SQUARE ILE DE FRANCE;2.16173695;48.80315416
b6f56287-5713-478a-bfb6-4be806eae9b2;548;BOULEVARD DE LA REINE;2.12753904;48.80926291
b7229734-31bf-4572-a837-f015ff0b6e50;324;AVENUE DE PARIS;2.14418796;48.79877651
b78f69f3-e5e2-4f11-8fc0-1ceede5f8644;488;AVENUE DES ETATS UNIS;2.14244407;48.80611441
b7a5bea1-810d-48ad-a478-1bfe89dc2b81;1065;MATERNELLE VIEUX VERSAILLES;2.12137743;48.80134385
b7b74503-dcf5-4a2f-a508-790d18f34a49;973;SQUARE DE L'ETANG DE LA MARTINIERE;2.11276848;48.78196278
b7cd22b8-eb92-4ed7-9d7f-fe06092bb0de;991;MULTI ACCUEIL BORGNIS DESBORDES;2.12289768;48.79547545
b7fd9999-a03c-4a41-9075-d20c9e062d4d;302;AVENUE DE PARIS;2.15237976;48.79854676
b86129b9-28b2-4b26-985b-979fe8d3ca58;151;MATERNELLE COMTESSE DE SEGUR;2.12837874;48.79474371
b8e4c4e1-87c4-4401-9a77-53339765a36e;169;ELEMENTAIRE COLONEL DE BANGE;2.13230489;48.81438419
b94ce330-f493-4d7a-aebb-211096209438;701;RUE DES RESERVOIRS;2.12453347;48.8077661
b975ae82-a1d3-409e-9a73-0e048d2b2410;198;MATERNELLE LES MARMOUSETS;2.12590082;48.80720915
b9a158d3-5a08-446f-8a3e-2eddaa7b2516;739;SQUARE DU STADE DES CHANTIERS;2.14264875;48.79448907
b9f65f58-371d-46ab-b5c2-e60254d3cf25;332;AVENUE DE PARIS;2.13983389;48.79994431
baefcb15-9275-438d-8b3b-a7ef2e399679;264;ELEMENTAIRE VILLAGE DE MONTREUIL;2.14778512;48.80433242
bb35899f-2e63-4c08-b6fe-a64a6c033bb9;698;RUE DES RESERVOIRS;2.12312649;48.80581286
bb9083c8-2e4c-4c04-8ed8-6d274dcb2aec;925;CRECHE MULTI ACCUEIL PRES AUX BOIS;2.15984987;48.80198438
bc462026-a9da-4c98-97c0-cf1b32952736;634;AVENUE DE SAINT - CLOUD;2.12996763;48.80496834
bc59da67-27b2-4c7d-9bd8-697d25b4578f;413;AVENUE DE SAINT - CLOUD;2.13465632;48.80530889
bc795a45-1774-4bbc-804e-2f3e7d7622b4;922;MATERNELLE RICHARD MIQUE;2.1438774;48.81142874
bc797421-722d-483b-b7ad-4a9531d496d9;352;AVENUE DE PARIS;2.15577095;48.79822745
bcf4d7a4-b6b3-4d83-acd3-9c961fade943;112;MATERNELLE ANTOINE RICHARD;2.15209651;48.80720912
bcf7e05d-ea4c-430f-8b89-96983d4bb05e;683;BOULEVARD DU ROI;2.12702881;48.81191336
bd7d43b8-dbed-42a1-a7d0-c981c8ba6e1b;968;SQUARE DE L'ETANG DU DESERT;2.11281787;48.78125886
bdae1cae-eb04-4815-ad41-792cdd9194cb;82;CRECHE DU JEU DE L'OIE;2.14069748;48.79606473
bdb852ef-d023-4a00-acbc-6437fd4dec0f;1033;MATERNELLE VIEUX VERSAILLES;2.1214784;48.80135046
bdec1169-affa-47b4-a176-820e6ad8d2df;850;SQUARE HOCHE;2.12749174;48.80601432
bdf7d579-7da2-44a0-95c3-eeaac1893c4c;315;AVENUE DE PARIS;2.14716457;48.79854857
be23f609-1c32-4b1c-9daa-543cdd76da3e;756;JARDIN BONNE - AVENTURE;2.15376525;48.80755752
be7e7208-662a-4736-a146-335170515cf5;293;AVENUE DE PARIS;2.15533729;48.79875553
be92ac20-70a1-4bba-b0ea-d305017c1887;362;AVENUE DE PARIS;2.15108167;48.79810743
be966a21-5389-4d97-8743-8feb7e83bb16;257;ELEMENTAIRE EDME FREMY;2.1391283;48.79664488
bed0732d-5de3-4c73-823b-a8e359df6a4b;445;AVENUE DE SAINT - CLOUD;2.13312257;48.80496819
bf794206-5ae4-4eec-a5b7-e27b07a3644f;506;BOULEVARD DE LA REINE;2.13939435;48.8085204
bfcfbf3c-ecf0-4b22-9fb8-9304951c14d1;547;BOULEVARD DE LA REINE;2.12806076;48.8092753
c00f4b35-2858-48bb-b0c8-8e433065fa22;404;AVENUE DE SAINT - CLOUD;2.1290463;48.80490489
c00fdd60-de11-4e28-811a-c22bcf38d765;219;MATERNELLE VAUBAN;2.15214823;48.79969991
c03abedb-ab68-4cab-b6b3-18472c64804d;389;AVENUE DE PARIS;2.13083251;48.80162532
c0609f8a-7b64-4ee3-ba2e-819ebeb3fec5;46;JARDIN DE L'ECOLE DES POSTES;2.15799283;48.80153527
c066292a-c256-4845-96d3-c30528c4ce18;661;BOULEVARD DE LA REINE;2.1207475;48.80980355
c1fcac74-c0df-43df-8d34-f1d25d6850db;53;JARDIN DE L'ECOLE DES POSTES;2.15846815;48.80208907
c2053cdc-c117-48e0-a19e-7ea49940ed4f;952;SQUARE DU STADE DES CHANTIERS TER;2.14355086;48.79543655
c23fab76-2b86-4a14-bd1c-efcc91060954;438;AVENUE DE SAINT - CLOUD;2.12861292;48.80464665
c340f9d3-49e6-4488-9ae5-8b82e0f79e26;25;SQUARE SAINT - LOUIS;2.1254121;48.79683907
c3600c9f-86b6-4839-b178-4ecd3cf7d0c9;682;BOULEVARD DU ROI;2.1267937;48.81152137
c3629611-f7e8-43fc-82f2-9a12899ed875;1;SQUARE DES FRANCINES;2.13153433;48.79678451
c392ef0c-f01a-4f5f-9b3a-db6985d8925c;988;SQUARE VILLENEUVE L'ETANG;2.14132721;48.81374082
c3fb206f-d1fd-4412-9ecc-38e4dcdd549f;7;SQUARE DES FRANCINES;2.13168731;48.79666363
c408fa60-60e2-410f-8d76-2dc645dc7944;59;JARDIN DE L'ECOLE DES POSTES;2.15858112;48.801920869999996
c44cc563-7a46-4509-a6dc-808e9576854e;449;AVENUE DE SAINT - CLOUD;2.13543132;48.80502319
c4581fe2-b114-47f0-9826-1a39ca9420ef;249;MATERNELLE VIEUX VERSAILLES;2.12132021;48.80147478
c45828e6-ea45-430b-b52c-a87f519421be;987;SQUARE VILLENEUVE L'ETANG;2.14136225;48.81380871
c510c5c6-571c-46e5-aca2-d6f3314c647b;956;SQUARE DU STADE DES CHANTIERS BIS;2.14229179;48.79488547
c55597e3-d7c9-4d51-a7b2-f9c5cfaa0dd0;319;AVENUE DE PARIS;2.14564094;48.79837539
c5b694e2-0b36-47e1-9023-c5fa06371cf4;252;MATERNELLE VIEUX VERSAILLES;2.12151624;48.80149941
c643a7c5-dc8b-440e-8b20-85009aa9a62f;363;AVENUE DE PARIS;2.15036338;48.7980908
c655d48c-7dc5-4774-8fde-8c0b7f564374;876;SQUARE ILE DE FRANCE;2.16153859;48.8027684
c6914851-ece7-4671-a63d-405bc14d6025;63;JARDIN DES MUSICIENS ITALIENS;2.14584782;48.80173189
c6952e6c-c542-4031-a876-3d6b51f6dad7;702;BOULEVARD SAINT ANTOINE;2.12812774;48.81555279
c69820bd-a15b-4142-aab4-af9c41109649;640;MATERNELLE YVES LE COZ;2.14885376;48.79042764
c69d4627-145c-4c5b-b417-22cf0aa41bfc;770;JARDIN BONNE - AVENTURE;2.15248095;48.80717734
c6a7e38a-034b-4561-a3e4-526d0fdff9d8;891;ECOLE ELEMENTAIRE CHARLES PERRAULT;2.15564061;48.80475849
c6d076f6-bb1d-4dfb-ac79-f0c285464f44;28;SQUARE SAINT - LOUIS;2.12563062;48.79673683
c724e37a-4f54-4478-8ba3-8259461df483;212;MATERNELLE LES TROIS POMMIERS;2.13548789;48.80275599
c753f250-d249-4913-b811-ad216cf496d8;307;AVENUE DE PARIS;2.150853;48.79850918
c7a06197-9a26-4b84-b432-8cffbbabfa66;611;PARC FORESTIER DE PICARDIE;2.15615133;48.81279714
c7b5f2be-83fb-4e6c-8e79-cf4f2ca99db8;651;AVENUE VILLENEUVE L'ETANG;2.14453008;48.81506785
c7c56ef0-8693-4c3e-9f44-e3360f2fb85c;803;JARDIN DES RECOLLETS;2.12315375;48.8018645
c819fe0a-1abc-4409-ac2c-f50dd9e01211;575;PARC SEMALLE;2.12194396;48.81336404
c831bd50-f602-40db-958c-023a8a1c6d0e;182;ELEMENTAIRE PERSHING / R. MIQUE;2.14259332;48.81193509
c84c906f-4a04-419a-9a81-ad918be6f775;37;SQUARE SAINT - LOUIS;2.12560394;48.79690926
c8993489-a719-4d3c-aab5-a92f0a9f45e8;270;ELEMENTAIRE LA SOURCE;2.15471409;48.8082727
c8a21ae7-510e-44b9-8a09-1220fc700c7e;833;SQUARE BLAISE PASCAL;2.15261642;48.80296349
c8a5cfdf-d4f1-4574-8b59-c30c5ff5fb90;808;JARDIN J.A LE ROI;2.12188511;48.80182032
c8ad3961-edb7-4b23-99ba-69e5deffbfd9;580;PARC FORESTIER DE LA PORTE VERTE;2.15107181;48.81597397
c8d19cd3-de36-4e88-891a-02d453f696d5;462;AVENUE DE SAINT - CLOUD;2.13973142;48.80543152
c936d92e-c74a-4938-8e31-3c5a65983247;796;JARDIN DES RECOLLETS;2.12314748;48.80214752
c9422f0b-5644-4b4a-a856-a34f99a2d258;27;SQUARE SAINT - LOUIS;2.12560965;48.79683887
c965b280-0807-44b2-9e79-e719f7a40599;131;ELEMENTAIRE CLEMENT ADER;2.12005731;48.78379595
c97ec401-7bba-47cb-91dd-4f67e29b68a9;114;MATERNELLE ANTOINE RICHARD;2.15228837;48.80721728
c9b67f52-51ed-4c8c-b5fc-69c0afc89b6c;199;MATERNELLE LES MARMOUSETS;2.12587571;48.80716477
ca165c2a-8a60-48c7-8900-1aaea0003348;805;JARDIN J.A LE ROI;2.12167431;48.80185232
ca250620-dc67-484e-aca1-129a6a69b2fe;594;PARC FORESTIER DE LA PORTE VERTE;2.15124008;48.81591426
ca771043-837e-4605-bb19-b7933fe05593;395;AVENUE DE PARIS;2.12756215;48.80264587
ca7fdf2b-5350-430a-99dd-3e608d0ee894;686;BOULEVARD DU ROI;2.12751015;48.81271843
cadc303b-f31d-4391-92dd-51ee483bf5fa;217;MATERNELLE VAUBAN;2.15226046;48.79971247
cb61f371-d5cf-4d78-ae6d-e414d3589805;15;SQUARE DES FRANCINES;2.1314818;48.7967568
cbad024e-6d5b-4b4c-bc3e-657c919dfd78;279;ELEMENTAIRE JEAN BATISTE LULLY;2.15185635;48.79946171
cc075858-dcb9-4138-89ed-62d8b89f5af6;10;SQUARE DES FRANCINES;2.13163324;48.79663424
cc12cf18-44e6-48f2-b3de-eaf361a6a16e;644;SQUARE BONNEFOUS;2.1255918;48.80519703
cd2e18b3-6678-42fd-86a3-33c6971191fc;286;ELEMENTAIRE JEAN BATISTE LULLY;2.1523673;48.79930894
cd3c7a26-bcb5-45d5-b0d3-74ca9c3baf50;127;MATERNELLE LES ALIZES 2;2.12027946;48.78391863
cd5d8760-cf0f-4105-b208-0403809105c5;188;ELEMENTAIRE RICHARD MIQUE;2.14183922;48.81225695
ce283144-27ec-4bcc-8d97-cf9ee507c99c;1006;MATERNELLE HONORE DE BALZAC;2.12831205;48.79483696
cee83dee-fc34-4a05-9670-7c8565bb10c8;715;PLACE DE LA LOI;2.15077304;48.81470591
cfb14a9f-2004-43b1-97dd-47e9e5497c7f;463;AVENUE DE SAINT - CLOUD;2.14035155;48.80547699
d0862df0-82e4-46be-85de-0ffa3bd862c7;44;JARDIN DE L'ECOLE DES POSTES;2.15809242;48.80157386
d0a487fe-847b-41d4-84de-a4e7b68ff230;432;AVENUE DE SAINT - CLOUD;2.13655402;48.80556512
d0adedc7-7ec0-4d73-9d40-6ea3bfbf10fe;428;AVENUE DE SAINT - CLOUD;2.13892567;48.80573533
d0d481c0-15c6-4f50-a3c0-ec698ff212e0;207;MATERNELLE LES TROIS POMMIERS;2.13568322;48.80304378
d1207547-55ef-4d70-9c84-a316b534516b;983;SQUARE STADE  PORCHEFONTAINE TER;2.16053555;48.7938159
d13b4452-53ff-4a79-ae79-b1273749a7be;837;SQUARE BLAISE PASCAL;2.15268808;48.80286659
d16a35d7-1e4b-465f-8a00-eb91b20af287;878;SQUARE DU BERRY;2.15913066;48.80257506
d16afcd8-77b9-4af4-a564-c33c3ef499b2;11;SQUARE DES FRANCINES;2.13146655;48.79661362
d175fe77-070f-496c-a944-37fdbf201085;819;SQUARE BERTHIER;2.13275615;48.810893
d1ca21d6-2450-4ea1-afb5-e001eb600e5c;948;SQUARE DU STADE DES CHANTIERS TER;2.14332091;48.79551926
d1e89723-b079-4189-8346-7261fdf205e1;824;SQUARE BERTHIER;2.13266039;48.81073051
d2168b52-b7af-4868-96c2-320f0730c6f0;429;AVENUE DE SAINT - CLOUD;2.13844724;48.80570013
d25218fd-5989-42d6-a7b4-098586b810c7;789;JARDIN DU CONSERVATOIRE DE MUSIQUE;2.12483402;48.80162466
d2609337-b80f-410e-b825-543dbf5a698b;74;CRECHE BORGNIS DESBORDES;2.122814;48.7953802
d27f2b19-6948-4541-a9e2-35a51c621ba3;918;MATERNELLE RICHARD MIQUE;2.14363078;48.81147141
d2902c29-555b-4223-bca3-18e1d9f49330;161;MATERNELLE LE PETIT PRINCE;2.12986001;48.80831832
d2f3ecff-b91a-478f-a6e0-b0bad35db8c3;437;AVENUE DE SAINT - CLOUD;2.12813567;48.80460747
d2f90d26-b3f8-417e-9df4-599ae6bfed81;800;JARDIN DES RECOLLETS;2.12298093;48.80205592
d364b442-be02-4013-a3e9-aa4f2cf12fd3;172;ELEMENTAIRE COLONEL DE BANGE;2.13258469;48.81420175
d3a0d638-ff59-4e80-8153-bb70582ebbd2;949;SQUARE DU STADE DES CHANTIERS TER;2.14339987;48.79552423
d4386825-7579-4ed9-a6de-f38c279114ca;945;MATERNELLE ANTOINE RICHARD BOAVTURE;2.1528751;48.80750195
d4ae4424-ac29-472f-8415-5afead7a4704;226;MATERNELLE VAUBAN;2.15182116;48.79968877
d50b3b10-8fc4-44c2-9837-bbca5ed3ca2a;493;AVENUE DES ETATS UNIS;2.14390999;48.80692928
d5744890-6366-4629-880a-8550f7088dc0;340;AVENUE DE PARIS;2.13272314;48.80184617
d5e9362a-34c0-48c8-8c73-778b1cc553ab;396;AVENUE DU GENERAL DE GAULLE;2.12924286;48.80179196
d5f4dc65-1add-45ba-9315-e33953a24d90;703;BOULEVARD SAINT ANTOINE;2.12714163;48.81591408
d60034f1-4b3f-4147-8c77-dcceca4a4589;236;ELEMENTAIRE ALBERT THIERRY;2.1562886;48.80627207
d631a614-2a48-414f-9f88-0864edf33e24;197;MATERNELLE LES MARMOUSETS;2.12592451;48.80724749
d640b398-17a4-4c1b-bfa7-3ab480889702;866;SQUARE ILE DE FRANCE;2.16114098;48.80293191
d6b9be04-2ac1-45ca-b8ab-dc26733ad1b2;284;ELEMENTAIRE JEAN BATISTE LULLY;2.15214496;48.79957393
d72e3106-30e9-4959-8653-39d44ae3d077;471;AVENUE DES ETATS UNIS;2.14213638;48.80635856
d739834c-a192-4090-b741-9b4295cc2ba3;745;JARDIN BONNE - AVENTURE;2.15306837;48.80753251
d75228b2-e1fa-4d4f-bac9-1502d7d88b4c;1063;MATERNELLE LES LUTINS;2.1382643;48.79657712
d7ff8381-041b-48da-b145-c00ffa82920e;1068;MATERNELLE DUNOYER DE SEGONZAC;2.1603233;48.80209178
d89b898a-0a0e-422b-887b-e01d1149464a;1023;MATERNELLE LES ALIZES 2;2.12050241;48.78407515
d8b06ba6-e64e-440c-80d6-a557e1b39ea1;590;PARC FORESTIER DE LA PORTE VERTE;2.15156578;48.81614968
d8bae535-7ba2-4cd5-b0c9-471168852784;657;BOULEVARD DE LA REINE;2.12283045;48.80982835
d94c18e6-6de5-4af7-a795-37aae33d2977;574;PARC SEMALLE;2.12190251;48.81334832
d9645356-a2c5-4029-937b-623c0836ab8d;16;SQUARE DES FRANCINES;2.13143932;48.79678755
d964b340-5e1b-4d1d-965b-7348737fb4d0;1048;MATERNELLE LES LUTINS;2.12973492;48.80820178
d97e5221-c58d-47a2-a9d5-4e8954ae2411;692;BOULEVARD DU ROI;2.12865421;48.81448145
d9f5b09c-3263-447d-be00-fc08329f7c22;126;MATERNELLE LES ALIZES 2;2.12024603;48.78393508
da20617a-c0f4-4a14-ad1c-455a24be6f00;5;SQUARE DES FRANCINES;2.13174934;48.79677
da53347e-3a50-46bd-a352-6ae867b2edf6;334;AVENUE DE PARIS;2.138599;48.800273
db459446-bded-4586-b02d-0ee5ba388202;230;ELEMENTAIRE MARCEL LAFITAN;2.13109702;48.80875747
db7d490f-329c-46e2-bd92-525453e73469;333;AVENUE DE PARIS;2.13926136;48.80009505
dbecbc05-23d3-4f54-ab24-7276adf81de6;538;BOULEVARD DE LA REINE;2.13496936;48.80872894
dbf17886-b4db-4f8c-8868-31f364960e1d;751;JARDIN BONNE - AVENTURE;2.15332486;48.80764819
dc001b7f-ef09-429b-a156-87b495eed0c7;320;AVENUE DE PARIS;2.14494485;48.79857404
dc0b94ee-9b85-4414-97e7-1152c09aacc6;12;SQUARE DES FRANCINES;2.13167665;48.79659851
dca23843-a8f2-48e9-9bb7-d77ba7d3b708;905;JARDIN BONNE - AVENTURE;2.15385897;48.80688611
dccdd81a-126b-4068-bb90-a41004d60116;844;SQUARE HOCHE;2.12811601;48.80617994
dcd500ca-cfce-4c04-a8fa-e0610df0acce;409;AVENUE DE SAINT - CLOUD;2.12832714;48.80497128
dcdca7f0-f609-4ff5-8afc-e1a45a464ec8;13;SQUARE DES FRANCINES;2.13141896;48.79664876
dce35a40-8e7a-43b7-98a6-4d1c9c92dc34;402;AVENUE DE SAINT - CLOUD;2.12809392;48.804835249999996
dce85eca-f440-4942-88af-cabfb8e7d183;1034;MATERNELLE LA FARANDOLE;2.14402284;48.81396527
dd91785a-f39e-428a-aca0-00f8c37c3efe;183;ELEMENTAIRE PERSHING / R. MIQUE;2.14268571;48.81192814
ddc75767-426f-4dd5-95a1-7c7d9d9adbee;774;JARDIN BONNE - AVENTURE;2.15264038;48.80705944
dde447df-fd2a-4bb9-a67a-549ed34e732a;890;CRECHE MULTI ACCUEIL VAUBAN ANNEXE;2.15225946;48.80246553
ddfece75-61a0-4a2e-8462-47817e9efeb4;153;MATERNELLE LA MARTINIERE;2.11356521;48.78067836
de57f67d-60f5-4554-858f-1bb74d04a2ec;684;BOULEVARD DU ROI;2.12706872;48.81184261
de929655-b5cc-47b8-a79c-90e98f39e6cd;567;PARC SEMALLE;2.12163522;48.81351959
deb503b3-86ac-4b20-bb94-0811737b58da;608;PARC FORESTIER DE PICARDIE;2.15797217;48.81315357
debecc1f-2e29-4b25-8f7c-d991c443e461;795;JARDIN DE L HEURE JOYEUSE;2.13614205;48.80256133
decc2124-3637-4789-9d18-c9f0a7558c19;353;AVENUE DE PARIS;2.15537893;48.79809312
decc2260-a392-4402-860a-646a8e11493d;422;AVENUE DE SAINT - CLOUD;2.13689041;48.80546889
dedd46dc-cae6-48d2-9297-c930dd7c2230;61;JARDIN DE L'ECOLE DES POSTES;2.15837542;48.80184276
df65cf69-9c7a-437b-abcf-1d8916225fee;348;AVENUE DE PARIS;2.15740549;48.79827154
df6b3cdd-6767-4011-85bd-bf6372b6cd44;110;MATERNELLE ANTOINE RICHARD;2.15189976;48.80736096
df840864-e1d7-451b-b002-7f9695ace5d1;51;JARDIN DE L'ECOLE DES POSTES;2.15807675;48.80182288
df9abb0f-3c59-4146-9e60-24da2f07b955;624;SQUARE RICHARD MIQUE;2.14548456;48.81201518
e02ede46-b19a-43e0-90f9-06a48ddd39a1;746;JARDIN BONNE - AVENTURE;2.15300152;48.80761895
e09ce12d-9440-4dcf-b351-05d94c901365;318;AVENUE DE PARIS;2.14583927;48.79851357
e0d102c0-e468-4b0b-9eba-12efd50393da;80;CRECHE DES GENDARMES;2.13058852;48.80013143
e0d79a18-3680-49e8-b637-22da9ecf81a2;140;ELEMENTAIRE CLEMENT ADER;2.12011726;48.78382257
e108ca15-3bee-4a21-aef2-f3909932c431;777;JARDIN BONNE - AVENTURE;2.15251497;48.80687671
e199e1bc-8175-4b92-8596-fad5ad5d4e54;473;AVENUE DES ETATS UNIS;2.14250369;48.80656246
e20fe5c4-b546-4a77-9925-9339a987b2d3;113;MATERNELLE ANTOINE RICHARD;2.15220161;48.80721138
e24dddd7-97b3-41a4-a97e-a457266a4f76;697;RUE DES RESERVOIRS;2.12330752;48.80611428
e2c07c69-f11a-40b4-9a4a-c5e393b86f10;292;AVENUE DE PARIS;2.15574685;48.79863503
e2ecf023-c84a-4a24-be5e-9e342f81945b;235;ELEMENTAIRE ALBERT THIERRY;2.15631443;48.80627634
e3269c60-602e-44c3-9612-6e09895e1659;1003;MATERNELLE HONORE DE BALZAC;2.14434745;48.80553416
e380b003-3dd1-4525-8fdf-b64e42a7a00e;543;BOULEVARD DE LA REINE;2.13182264;48.80897714
e3aff934-d787-4655-95c4-1fd3d2bbd7d3;598;PARC FORESTIER DE LA PORTE VERTE;2.15110899;48.81604592
e3bec2c5-533f-4833-ae42-33c081df3a03;915;MATERNELLE RICHARD MIQUE;2.14392;48.81155808
e3ef43c7-5f4c-4c90-b3e2-4502f5fdbb24;424;AVENUE DE SAINT - CLOUD;2.13774955;48.80553065
e41d2f42-2973-4c6a-9405-ebd921ac8e93;1027;MATERNELLE LES LUTINS;2.15203494;48.80713724
e4cd9368-b44a-41c0-b6d8-8639ee48957b;486;AVENUE DES ETATS UNIS;2.1420831;48.80591157
e4e5e662-aee6-4995-baae-24a9815ceda0;1024;MATERNELLE LES ALIZES 1;2.12130079;48.78397496
e52cb386-4447-4434-bf4c-157bcda8082e;166;MATERNELLE LES DAUPHINS;2.13195426;48.81332246
e54c1480-256a-4ed2-aa0a-52d9e9288f6d;238;MATERNELLE DES PETITS BOIS;2.15692083;48.8063565
e550ab23-a5c7-4d7f-b0b6-304ae0c5fe12;532;BOULEVARD DE LA REINE;2.139034;48.8083515
e55b343e-3f64-4053-9b4e-c1f3709d0b00;1029;CRECHE MARIE ANNE BOIVIN;2.15219223;48.80716939
e55d3120-08fb-404a-a6a0-eed8b050d809;461;AVENUE DE SAINT - CLOUD;2.13905546;48.80538291
e566153d-7360-4117-b950-aeb59ee7f5b6;271;ELEMENTAIRE LA SOURCE;2.15473377;48.80822297
e5f4c17e-8341-4fad-abfa-80374e7444b0;541;BOULEVARD DE LA REINE;2.13294892;48.80883562
e5fa77d7-cd03-4d24-a2e2-b1566e604c3c;758;JARDIN BONNE - AVENTURE;2.15364849;48.80742244
e630f3ab-c85c-47f7-b421-86d798be5d6d;90;CRECHE  CLAGNY GLATIGNY;2.14085048;48.81185927
e6e27edc-7fda-4afd-aea3-7ff13b8baa44;129;ELEMENTAIRE CLEMENT ADER;2.12000633;48.7838227
e7664922-d698-4bf6-8e48-3325743b173a;835;SQUARE BLAISE PASCAL;2.15273383;48.803015
e76b3cba-fdc1-4ed0-bc72-4bae6133d4cb;303;AVENUE DE PARIS;2.15206026;48.79867397
e77e28cd-07b4-48cf-a010-622d735d9e24;860;SQUARE ILE DE FRANCE;2.16199377;48.80306933
e7a5f26c-d2ab-4096-b2a3-33637533f66f;508;BOULEVARD DE LA REINE;2.13859576;48.80858425
e80244ef-f889-4188-a3aa-4bada1fa4939;220;MATERNELLE VAUBAN;2.15212161;48.79969457
e81a5d2a-4ab2-4af2-be2c-0f0806ece2f5;397;AVENUE DU GENERAL DE GAULLE;2.12870569;48.80091979
e884687c-e56b-4eae-8d21-0b20f0c02ace;48;JARDIN DE L'ECOLE DES POSTES;2.15828505;48.80158553
e8ae9718-5c66-4732-8ce8-dd68ff4f66de;929;SQUARE DU STADE DE PORCHEFONTAINE;2.15762629;48.79332737
e8f3bad6-a1c8-47cd-b0d9-9753bc866e87;888;CRECHE MULTI ACCUEIL VAUBAN ANNEXE;2.15225241;48.8026107
e90dca4b-5229-481f-a86c-2092834a3db5;137;ELEMENTAIRE CLEMENT ADER;2.11998185;48.78358878
e9209103-d7d9-46ed-afa1-4d94480dc84c;709;BOULEVARD SAINT ANTOINE;2.11951116;48.81855924
e93e9ed6-bc0a-4c80-9780-60b142c8f015;951;SQUARE DU STADE DES CHANTIERS TER;2.1435638;48.79549358
e96c9c49-31c6-41ff-86f9-9868965ceedd;1061;MATERNELLE LES LUTINS;2.13806052;48.79645555
e9ab58b1-da27-4195-b36e-ee17ca0b6dea;635;AVENUE DE SAINT - CLOUD;2.13228134;48.80513723
e9ac44a3-d2ff-4bd8-b25a-3aea656e4703;620;PARC FORESTIER DE PICARDIE;2.15764927;48.81327824
e9deeb2e-bf29-44ab-8bde-85af2c1803d1;430;AVENUE DE SAINT - CLOUD;2.13796535;48.80566603
e9f9fe5f-b5bf-4e1b-bfef-f0297db1b551;828;SQUARE BLAISE PASCAL;2.15280901;48.80376449
ea0d8f5b-0149-4fc3-bff3-9efa202138f3;550;SQUARE JEANNE D'ARC;2.14318749;48.82289244
eac8658a-d26d-4acc-8d9e-499ce8205e0f;481;AVENUE DES ETATS UNIS;2.14422042;48.80742026
eac935c1-d50a-4708-b48c-31b1147bd960;914;MATERNELLE RICHARD MIQUE;2.14395863;48.81155458
eaf5ae93-1ede-47c7-a454-32ca581e2eb8;1055;MATERNELLE LES LUTINS;2.13778666;48.79668043
eb10745b-451c-48e8-ac2c-2f322d3ac0b8;674;BOULEVARD DU ROI;2.12614255;48.81082537
eb1a6cc8-cd76-4d55-b855-d0c4a8da42a2;40;MULTI - ACCUEIL SAINT - LOUIS;2.12580386;48.79668194
eb6c7528-ac5b-40a7-9d84-0e0326bc6c56;592;PARC FORESTIER DE LA PORTE VERTE;2.15167548;48.81592813
eb83d8de-9536-434f-a7f1-209dcba54a11;921;MATERNELLE RICHARD MIQUE;2.14383668;48.81142981
ebf6cb4e-d9fd-4592-81d4-fc49e1cb8359;959;SQUARE DU STADE DES CHANTIERS BIS;2.1422378;48.79476256
ebfe6978-a15e-4baf-91aa-b8fbe6085918;512;BOULEVARD DE LA REINE;2.13578728;48.80880939
ebffb518-e30a-4c03-96a0-df1eb8a1529d;785;JARDIN BORGNIS DESBORDES;2.12236242;48.79492859
ec25c11c-d655-4eec-8bea-ab6e4ab675df;759;JARDIN BONNE - AVENTURE;2.1535117;48.80730708
ec2a3879-29d7-49bb-a1a9-b5ded3dcf0e1;192;MATERNELLE LES MARMOUSETS;2.12588151;48.80745408
ec488b4a-c838-44cc-9356-f47a10d75641;873;SQUARE ILE DE FRANCE;2.16180482;48.80301399
ec8d84aa-d7ae-40b7-8989-93e4c5b4f315;237;ELEMENTAIRE ALBERT THIERRY;2.1560141;48.8063537
eca1e85a-404c-40d9-aa50-081cc7618216;460;AVENUE DE SAINT - CLOUD;2.13778625;48.80529037
ecada372-51c9-4dfc-af78-d21f38fad125;1012;MATERNELLE DUNOYER DE SEGONZAC;2.16035373;48.80238584
ecc65f38-218a-47f2-add8-293abb8aaea4;711;BOULEVARD SAINT ANTOINE;2.11767845;48.81923292
ed393a12-350a-4296-b49d-3cee97cd3481;323;AVENUE DE PARIS;2.14420328;48.7986277
ed7e3766-a39d-4840-801b-62761c738317;779;JARDIN BORGNIS DESBORDES;2.12228341;48.79521772
ed7e4473-cfd1-49f4-a3fa-18e83ffea1be;128;MATERNELLE LES ALIZES 2;2.12031234;48.78390269
ed92a5ab-2d93-4de6-9125-a6600c71aa9d;394;AVENUE DE PARIS;2.12808533;48.80236283
eddd7707-fa50-4f02-a8d5-ebfb8d1513ec;568;PARC SEMALLE;2.12161037;48.81373605
edded092-c9e4-446c-b0b2-14654cd27057;179;ELEMENTAIRE COLONEL DE BANGE;2.13230015;48.81413029
ede7bb61-60c4-4cd2-b888-0469f79904d3;520;BOULEVARD DE LA REINE;2.12979194;48.80927895
ee1313d0-dd90-487f-9a52-32afa7d55b94;794;JARDIN DE L HEURE JOYEUSE;2.13593495;48.80255485
ee27de05-49cf-4c84-91ce-0e41867066a5;1004;MATERNELLE HONORE DE BALZAC;2.14435834;48.80550984
ee5ce5d5-d922-408b-8ade-619a28333d66;780;JARDIN BORGNIS DESBORDES;2.12219459;48.79520715
ee6ee5d3-c51e-4337-9817-a7e16481a977;791;JARDIN DE L HEURE JOYEUSE;2.13608559;48.80278979
ee9f2a4d-7614-4083-94a6-fee4e921ad28;1053;MATERNELLE LES LUTINS;2.13771917;48.79664511
eead32a9-e56a-4103-8e4e-32a6962e5741;946;JARDIN BONNE - AVENTURE;2.15313877;48.80752237
eed5e713-96c8-40dc-afcc-d88556465f22;731;SQUARE JEAN HOUDON;2.13603504;48.8134833
ef0e676b-103e-443a-83ac-19c10267d9c1;42;JARDIN DE L'ECOLE DES POSTES;2.15796274;48.80160256
ef8271c3-b9c8-41f0-845b-872f0e88f6ce;470;AVENUE DES ETATS UNIS;2.14203053;48.8062053
f0495ef0-c0bc-43ab-a879-990acbf3f2e4;125;MATERNELLE LES ALIZES 2;2.12021257;48.78395257
f0557580-bda2-429f-b3de-f7db9ea09516;793;JARDIN DE L HEURE JOYEUSE;2.13579997;48.8027396
f0babadb-8d48-493e-9ec9-ccb41cd69632;693;RUE DES RESERVOIRS;2.12511737;48.80912219
f140627d-5988-4b1d-b762-0ed9a88df52c;525;BOULEVARD DE LA REINE;2.12709546;48.80948935
f15b6b32-3bd9-4f18-b2ca-9c7a0e270457;157;MATERNELLE LA MARTINIERE;2.11361665;48.78085504
f1c9f051-599a-41d4-a3b6-1b80e3d37f67;62;JARDIN DES MUSICIENS ITALIENS;2.14631654;48.80182399
f23d5c39-7b5a-4a48-9a5c-fbde8888b47d;782;JARDIN BORGNIS DESBORDES;2.122166;48.79499733
f29a6bd5-6ea4-4ed6-b4c8-61ef3b95400b;540;BOULEVARD DE LA REINE;2.13385497;48.80876428
f2bbfc68-d61c-4e23-9040-f267f0440785;259;ELEMENTAIRE EDME FREMY;2.13897286;48.79638001
f2cfe7f9-e9b4-40c0-8a81-19e49fff819b;897;ECOLE ELEMENTAIRE CHARLES PERRAULT;2.15580791;48.80450093
f2f12472-32ed-4bc9-8cff-23c795e5e8a9;253;MATERNELLE VIEUX VERSAILLES;2.12154775;48.80149126
f2f8bdfb-71e3-4b3e-9e8a-aec4bf9577a7;144;ELEMENTAIRE CLEMENT ADER;2.12045655;48.78336241
f3d5bb8f-93e1-4751-98b3-e03037bc0cec;321;AVENUE DE PARIS;2.14458312;48.79852587
f3ffc82b-3672-4d0f-99aa-0591eb9994cd;898;ECOLE ELEMENTAIRE CHARLES PERRAULT;2.15580383;48.80463395
f432c042-bdc4-430f-9ebd-6aa6375b7002;299;AVENUE DE PARIS;2.15267372;48.79868987
f44a24d9-63bf-4d1f-a522-bebba1a9633c;928;SQUARE DU STADE DE PORCHEFONTAINE;2.1576071;48.79336647
f4618548-fd0a-4643-b562-ac902f4004e5;680;BOULEVARD DU ROI;2.12634478;48.81077227
f5429099-cbce-4584-8c78-f943ee88f749;1031;MATERNELLE HONORE DE BALZAC;2.1441404;48.80543621
f5afd4e9-1d68-4704-bb23-1f434a3afa48;234;ELEMENTAIRE ALBERT THIERRY;2.15629501;48.80632863
f5c25f93-a964-4b82-abe2-c0fed0e2e6b7;510;BOULEVARD DE LA REINE;2.13761932;48.80866185
f5c77eed-4065-447f-8ec2-e72afccc7c2c;605;PARC FORESTIER DE PICARDIE;2.1575834;48.81311418
f62e4b6d-eef3-4281-8bd8-ebd747ba229a;492;AVENUE DES ETATS UNIS;2.14365687;48.80688091
f6b59f13-8151-4a38-b724-5f19a3ac4040;526;BOULEVARD DE LA REINE;2.14434186;48.8079895
f6ea40ef-76e2-46d5-a94e-c8ecc082a61b;744;JARDIN BONNE - AVENTURE;2.15328404;48.80741945
f6fb44af-bbce-479c-9f3e-725977e699a6;943;MATERNELLE ANTOINE RICHARD BOAVTURE;2.15278736;48.80745421
f73ec469-2965-4bcb-b906-b757f03e5c67;288;AVENUE DE PARIS;2.15757768;48.79881754
f7686940-d4ed-4188-81d2-1af77508bc6c;425;AVENUE DE SAINT - CLOUD;2.13822973;48.8055636
f76bb155-edc8-4f01-96a9-79f350fdd4e3;617;PARC FORESTIER DE PICARDIE;2.15643963;48.81313233
f7d077f3-6a68-4e49-b5cc-7265ea7f965b;587;PARC FORESTIER DE LA PORTE VERTE;2.1514251;48.81612192
f7f42083-9c37-4eb4-a807-966923d4bc2a;20;SQUARE DES FRANCINES;2.13181598;48.79663373
f7fb3ede-2d2e-4116-be75-70f236cc365b;716;PLACE DE LA LOI;2.12825006;48.8152842
f8986a29-edc4-4c2f-9299-bf551c168a01;103;CRECHE SAINT - NICOLAS;2.15513552;48.8073709
f8b178f3-e925-4406-bd9c-d5e6e87cf080;70;JARDIN DES MUSICIENS ITALIENS;2.14674568;48.80159778
f8b6c03a-a659-4b21-bde4-66303b5c004a;976;SQUARE DE L'ETANG DE LA MARTINIERE;2.11304234;48.78205084
f9902a1d-2f99-4ed3-93a7-7ab3449a40de;664;BOULEVARD DU ROI;2.12823843;48.81431498
f9a5a566-e71a-4cc7-a2c2-6092758ccf6f;517;BOULEVARD DE LA REINE;2.13276785;48.80904471
f9d515fe-34b4-4356-bf09-ec455ef2913d;765;JARDIN BONNE - AVENTURE;2.15366125;48.80717021
fa00d6d2-de99-41d5-a7f1-7f5067ccacbf;950;SQUARE DU STADE DES CHANTIERS TER;2.14343789;48.79552622
fa3f465d-955e-4021-ba67-af2bbfe42cbc;999;MATERNELLE HONORE DE BALZAC;2.14418077;48.8057094
fa4f32d4-6aef-49ac-8da9-633ee0a4c545;448;AVENUE DE SAINT - CLOUD;2.13517309;48.80511975
fa73e2d6-7731-42c7-8a57-77460a11d267;539;BOULEVARD DE LA REINE;2.13417213;48.80879218
faaf8935-3cab-4b55-b202-eb58ac8319b7;241;MATERNELLE DES PETITS BOIS;2.15694866;48.80625257
facc564d-7df5-47e5-97bd-e665e2ea9789;1037;MATERNELLE LES ALIZES;2.12049967;48.78425562
fae4c913-176f-4ca0-b87a-e30be80cad88;727;SQUARE JEAN HOUDON;2.13630011;48.81341205
faf9df72-5a21-4826-8140-d95bb9ce8970;809;JARDIN J.A LE ROI;2.12191036;48.80186116
fbdc2c82-ce34-48b1-8423-828bd1787c0c;369;AVENUE DE PARIS;2.14637194;48.79798437
fc05aeee-2fe2-44fb-88a6-3036b9b36591;1032;MATERNELLE HONORE DE BALZAC;2.14422599;48.8054147
fc60e3ba-caff-447a-83f7-342ea45b52f1;1045;MATERNELLE LES LUTINS;2.12975028;48.80822016
fca4b11a-3dcb-467a-bc2d-e0a16cf5aacc;730;SQUARE JEAN HOUDON;2.13607825;48.8135299
fcb154b7-cfc9-4c8c-8160-ba6f7b1509e0;266;ELEMENTAIRE VILLAGE DE MONTREUIL;2.14772079;48.80424113
fcccc84b-dcec-434d-afa6-16b3b6f99015;787;JARDIN DU CONSERVATOIRE DE MUSIQUE;2.12507204;48.80143366
fcce5b92-d970-4034-ae7e-c7a8e882bb3a;649;AVENUE VILLENEUVE L'ETANG;2.14697952;48.81594569
fd246832-0f5f-4028-b438-b4acd1a6dcbb;583;PARC FORESTIER DE LA PORTE VERTE;2.15164766;48.81559429
fd4b9c4a-1797-4793-8225-2200b7aa034d;250;MATERNELLE VIEUX VERSAILLES;2.12133186;48.80149214
fd546381-df9b-47d7-a432-877e583fe4c2;738;SQUARE DU STADE DES CHANTIERS;2.14258688;48.79452365
fd5722a9-8d7e-4b01-a87a-6a888bfa5627;262;ELEMENTAIRE VILLAGE DE MONTREUIL;2.1478294;48.80442746
fde9cdd7-476d-43c0-a8e2-dc35116dcfa7;261;ELEMENTAIRE EDME FREMY;2.13867987;48.79635198
fe09899e-925b-4c41-a139-288961ee2450;974;SQUARE DE L'ETANG DE LA MARTINIERE;2.11285529;48.78199477
fe310c84-b6a4-4799-afc8-f62cd82b96c0;554;SQUARE SAINT - MICHEL;2.15387552;48.79395777
fe73bfcd-d7a7-4c83-b6e3-62d99d86c825;558;PARC SEMALLE;2.12245774;48.81308159
fe75abb5-f219-4b24-9fa3-865b57467ed6;955;SQUARE DU STADE DES CHANTIERS BIS;2.14195139;48.79472921
fe8674a1-2b53-4e60-8d6a-7ff027368e19;1017;MATERNELLE DUNOYER DE SEGONZAC;2.15991818;48.80234389
fea956d5-5b69-429f-9c56-b5c47e32e147;893;ECOLE ELEMENTAIRE CHARLES PERRAULT;2.15585953;48.80481942
fee5cda6-749a-4aa6-a396-a09b7fa3c7aa;954;SQUARE DU STADE DES CHANTIERS BIS;2.14192186;48.7947096
ff280f47-f822-41a9-9f7b-83eeab906de8;331;AVENUE DE PARIS;2.1415313;48.79948746
ff9dea93-d429-41c6-9a96-587961e7a013;858;SQUARE ILE DE FRANCE;2.16219482;48.80293228
